pentad,survey_id,temperature,cloud,wind,mins_after_dawn,ju_rad
3255_2535,3255_2535_-1,21,90,3,345.7166667,0.625410573
3255_2535,3255_2535_1,21,90,3,346.8833333,0.625410573
3255_2535,3255_2535_2,20,70,3,374.3166667,0.625410573
3255_2535,3255_2535_3,16,80,2,118.7166667,0.611886401
3255_2535,3255_2535_4,17,100,1,140.5666667,0.611886401
3255_2535,3255_2535_5,16,100,2,162.5333333,0.611886401
3255_2535,3255_2535_6,17,100,1,179.9166667,0.611886401
3255_2535,3255_2535_7,17,100,1,203.6333333,0.611886401
3255_2535,3255_2535_8,18,100,1,224.5166667,0.611886401
3255_2535,3255_2535_9,17,100,2,236.9833333,0.611886401
3255_2535,3255_2535_10,18,100,1,253.6,0.611886401
3205_2545,3205_2545_11,25,50,2,625.65,0.611886401
3205_2545,3205_2545_12,20,30,1,687.8166667,0.611886401
3205_2545,3205_2545_1,15,0,0,56.28333333,0.598180914
3205_2545,3205_2545_2,19,0,0,86.63333333,0.598180914
3205_2545,3205_2545_3,22,0,0,108.25,0.598180914
3205_2545,3205_2545_4,23,0,1,125.0166667,0.598180914
3205_2545,3205_2545_5,24,0,0,146.5333333,0.598180914
3205_2545,3205_2545_6,24,0,1,176.8666667,0.598180914
3205_2545,3205_2545_7,21,10,2,192.25,0.598180914
3205_2545,3205_2545_8,24,10,1,207.4,0.598180914
3205_2545,3205_2545_9,23,25,1,225.9,0.598180914
3205_2545,3205_2545_10,24,25,1,251.75,0.598180914
3205_2545,3205_2545_13,25,20,1,316.7166667,0.598180914
3205_2545,3205_2545_14,26,20,0,336.7,0.598180914
3205_2545,3205_2545_15,28,10,0,570.9666667,0.598180914
3140_2640,3140_2640_1,20,100,2,370,0.584298174
3140_2640,3140_2640_2,19,100,2,382.8666667,0.584298174
3140_2640,3140_2640_3,22,90,2,395.3,0.584298174
3140_2640,3140_2640_4,22,90,4,411.9,0.584298174
3140_2640,3140_2640_5,25,90,3,439.1333333,0.584298174
3140_2640,3140_2640_6,20,100,4,477.4166667,0.584298174
3140_2640,3140_2640_7,22,100,3,495.3333333,0.584298174
3140_2640,3140_2640_8,21,100,2,521.6833333,0.584298174
3140_2640,3140_2640_9,28,25,1,575.2833333,0.584298174
3140_2640,3140_2640_10,26,30,2,609.75,0.584298174
3140_2640,3140_2640_11,27,20,1,628.05,0.584298174
3140_2640,3140_2640_12,27,20,1,645.7833333,0.584298174
3140_2640,3140_2640_13,28,20,1,661.0833333,0.584298174
3140_2640,3140_2640_14,27,20,0,676.3,0.584298174
3140_2640,3140_2640_15,27,20,1,690.95,0.584298174
3140_2640,3140_2640_16,27,20,1,706.7833333,0.584298174
3140_2640,3140_2640_17,21,30,0,72.25,0.570242293
3140_2640,3140_2640_18,21,40,2,89,0.570242293
3140_2640,3140_2640_19,22,30,1,104.0666667,0.570242293
3140_2640,3140_2640_20,22,30,1,117.3666667,0.570242293
3140_2640,3140_2640_21,26,10,2,152.4,0.570242293
3315_2325,3315_2325_1,21,0,0,102.2,0.527077709
3315_2325,3315_2325_2,28,0,0,123.8666667,0.527077709
3315_2325,3315_2325_3,28,0,0,141.8166667,0.527077709
3315_2325,3315_2325_4,26,0,0,162.5166667,0.527077709
3315_2325,3315_2325_5,25,0,0,197.2333333,0.527077709
3315_2325,3315_2325_6,23,0,0,219.95,0.527077709
3315_2325,3315_2325_7,28,0,0,239.9166667,0.527077709
3315_2325,3315_2325_8,27,0,0,257.0166667,0.527077709
3315_2325,3315_2325_9,28,0,0,275.6833333,0.527077709
3315_2325,3315_2325_10,28,0,0,288.8,0.527077709
3315_2325,3315_2325_11,31,0,3,314.7,0.527077709
3215_2225,3215_2225_1,16,5,3,90.3,0.341570769
3215_2225,3215_2225_2,20,5,2,106.9166667,0.341570769
3215_2225,3215_2225_3,31,0,1,713.4166667,0.341570769
3215_2225,3215_2225_4,30,0,2,747.05,0.341570769
3215_2225,3215_2225_5,29,0,2,757.3333333,0.341570769
3215_2225,3215_2225_6,29,0,2,766.3,0.341570769
3215_2225,3215_2225_7,29,0,2,783.8,0.341570769
3215_2225,3215_2225_8,28,0,2,798.1666667,0.341570769
3215_2225,3215_2225_9,27,0,3,807.3666667,0.341570769
3215_2225,3215_2225_10,27,0,3,814.6833333,0.341570769
3215_2225,3215_2225_11,14,25,1,95.01666667,0.325342085
3215_2225,3215_2225_12,14,0,1,106.4,0.325342085
3215_2225,3215_2225_13,14,0,0,121.1,0.325342085
3215_2225,3215_2225_14,14,20,0,144,0.325342085
3215_2225,3215_2225_15,12,40,2,166.7666667,0.325342085
3215_2225,3215_2225_16,14,45,1,176,0.325342085
3215_2225,3215_2225_17,13,70,1,184.4833333,0.325342085
3215_2225,3215_2225_18,17,100,0,223.4,0.325342085
3215_2230,3215_2230_19,21,30,1,280.5166667,0.325342085
3215_2230,3215_2230_20,25,20,1,316.6166667,0.325342085
3215_2230,3215_2230_21,29,10,0,332.4833333,0.325342085
3215_2230,3215_2230_22,30,10,0,347.7833333,0.325342085
3215_2230,3215_2230_23,29,0,1,422.65,0.325342085
3215_2230,3215_2230_24,33,10,1,662.5833333,0.325342085
3215_2230,3215_2230_25,30,10,0,680.3166667,0.325342085
3215_2230,3215_2230_26,33,10,1,694.55,0.325342085
3215_2230,3215_2230_27,27,10,2,712.0833333,0.325342085
3215_2230,3215_2230_28,32,20,1,725.75,0.325342085
3215_2230,3215_2230_29,31,15,1,739.8166667,0.325342085
3215_2230,3215_2230_30,30,10,1,752.4,0.325342085
3215_2230,3215_2230_31,30,15,2,765.5166667,0.325342085
3215_2230,3215_2230_32,29,15,2,776.1666667,0.325342085
3120_2305,3120_2305_1,17,25,0,100.6333333,0.309016994
3120_2305,3120_2305_2,17,20,0,145.7166667,0.309016994
3120_2305,3120_2305_3,20,10,0,169.75,0.309016994
3120_2305,3120_2305_4,21,10,2,184.75,0.309016994
3120_2305,3120_2305_5,25,15,2,207.3333333,0.309016994
3120_2305,3120_2305_6,29,20,4,253.5666667,0.309016994
3120_2305,3120_2305_7,28,20,4,271.5,0.309016994
3120_2305,3120_2305_8,27,25,4,282.5333333,0.309016994
3120_2305,3120_2305_9,28,25,4,297.4333333,0.309016994
3120_2305,3120_2305_10,33,80,2,623.15,0.309016994
3120_2305,3120_2305_11,24,10,3,337.2833333,0.292600336
3105_2245,3105_2245_12,29,0,3,485.5333333,0.292600336
3105_2245,3105_2245_13,29,0,2,509.2833333,0.292600336
3105_2245,3105_2245_14,29,0,2,523.2333333,0.292600336
3105_2245,3105_2245_15,29,0,3,550.9166667,0.292600336
3105_2245,3105_2245_16,28,0,3,563,0.292600336
3105_2245,3105_2245_17,27,0,3,643.5833333,0.292600336
3105_2245,3105_2245_18,27,0,2,786.0333333,0.292600336
3105_2245,3105_2245_19,26,0,2,803.7333333,0.292600336
3105_2245,3105_2245_20,25,0,1,820.2166667,0.292600336
3105_2245,3105_2245_21,14,0,0,79.51666667,0.276096973
3105_2245,3105_2245_22,13,0,0,102.3,0.276096973
3105_2245,3105_2245_23,18,0,0,133.4833333,0.276096973
3105_2245,3105_2245_24,20,0,0,168.7833333,0.276096973
3105_2245,3105_2245_25,24,0,0,198.5333333,0.276096973
3105_2245,3105_2245_26,26,0,0,219.1666667,0.276096973
3105_2245,3105_2245_27,27,0,0,229.2,0.276096973
3105_2245,3105_2245_28,27,0,0,285.5166667,0.276096973
3105_2245,3105_2245_29,29,0,0,324.5166667,0.276096973
3105_2245,3105_2245_30,29,0,0,347.3,0.276096973
3235_2240,3235_2240_31,27,0,3,689.0333333,-0.284359187
3235_2240,3235_2240_32,26,0,3,709.4333333,-0.284359187
3235_2240,3235_2240_34,25,0,2,728.4333333,-0.284359187
3235_2240,3235_2240_35,24,0,2,753.95,-0.284359187
3235_2240,3235_2240_36,12,0,2,122.3333333,-0.300819808
3235_2240,3235_2240_37,12,0,1,147.7166667,-0.300819808
3235_2240,3235_2240_38,15,0,1,162.5333333,-0.300819808
3235_2240,3235_2240_39,16,0,1,200.3833333,-0.300819808
3235_2240,3235_2240_40,16,0,0,218.45,-0.300819808
3235_2240,3235_2240_41,17,0,2,241.5666667,-0.300819808
3235_2240,3235_2240_42,21,0,1,258.5166667,-0.300819808
3235_2240,3235_2240_43,21,0,2,269.8666667,-0.300819808
3235_2240,3235_2240_44,19,0,1,283.5666667,-0.300819808
3235_2240,3235_2240_45,21,0,2,315.9833333,-0.300819808
3235_2240,3235_2240_46,21,0,2,325.85,-0.300819808
3235_2240,3235_2240_47,21,0,2,340.35,-0.300819808
3235_2240,3235_2240_48,24,0,1,350.3,-0.300819808
3235_2240,3235_2240_49,24,0,1,361.2833333,-0.300819808
3235_2240,3235_2240_50,24,0,1,380.25,-0.300819808
3215_2240,3215_2240_51,27,0,2,681.5666667,-0.300819808
3215_2240,3215_2240_52,27,0,1,695.0666667,-0.300819808
3215_2240,3215_2240_53,28,0,2,710.75,-0.300819808
3215_2240,3215_2240_54,27,0,1,725.6,-0.300819808
3215_2240,3215_2240_55,26,0,1,737.4333333,-0.300819808
3215_2240,3215_2240_56,26,0,1,753.4333333,-0.300819808
3215_2240,3215_2240_57,11,0,0,128.8166667,-0.317191289
3215_2240,3215_2240_58,11,0,0,141.9666667,-0.317191289
3215_2240,3215_2240_59,15,0,0,180.8333333,-0.317191289
3215_2240,3215_2240_60,21,0,0,208.8166667,-0.317191289
3215_2240,3215_2240_61,22,0,0,220.5666667,-0.317191289
3215_2240,3215_2240_62,24,0,0,233.2333333,-0.317191289
3215_2240,3215_2240_63,24,0,0,240.5833333,-0.317191289
3215_2240,3215_2240_64,24,0,0,253.8166667,-0.317191289
3215_2240,3215_2240_65,26,0,0,272.5666667,-0.317191289
3215_2240,3215_2240_66,26,0,0,286.9,-0.317191289
3215_2240,3215_2240_67,30,0,0,299.6333333,-0.317191289
3215_2240,3215_2240_68,30,0,0,311,-0.317191289
3215_2240,3215_2240_69,30,0,0,327.1,-0.317191289
3215_2240,3215_2240_70,33,0,0,347.0333333,-0.317191289
3255_2220,3255_2220_71,31,0,2,621.1166667,-0.317191289
3255_2220,3255_2220_72,31,0,0,639.45,-0.317191289
3255_2220,3255_2220_73,32,0,1,664.85,-0.317191289
3255_2220,3255_2220_74,33,0,0,685.4833333,-0.317191289
3255_2220,3255_2220_75,32,0,0,712.4333333,-0.317191289
3255_2220,3255_2220_76,30,0,1,732.8,-0.317191289
3255_2220,3255_2220_77,13,0,3,125.2833333,-0.333468779
3255_2220,3255_2220_78,13,0,2,134.5166667,-0.333468779
3255_2220,3255_2220_79,15,0,2,148.4666667,-0.333468779
3255_2220,3255_2220_80,21,0,1,169.8833333,-0.333468779
3255_2220,3255_2220_81,20,0,1,183.2333333,-0.333468779
3255_2220,3255_2220_82,20,0,1,201.3833333,-0.333468779
3255_2220,3255_2220_83,20,0,2,221.0833333,-0.333468779
3255_2220,3255_2220_84,21,0,2,252.5,-0.333468779
3255_2220,3255_2220_85,21,0,2,264.5833333,-0.333468779
3255_2220,3255_2220_86,21,0,2,277.75,-0.333468779
3255_2220,3255_2220_87,21,0,1,298.4833333,-0.333468779
3255_2220,3255_2220_88,25,0,2,310.8166667,-0.333468779
3255_2220,3255_2220_89,29,0,2,336.7833333,-0.333468779
3255_2220,3255_2220_90,28,0,0,354.8833333,-0.333468779
3125_2455,3125_2455_1,3,0,0,120.3833333,-0.708626678
3125_2455,3125_2455_2,5,0,0,141.4,-0.708626678
3125_2455,3125_2455_3,7,0,1,171.3166667,-0.708626678
3125_2455,3125_2455_4,23,10,1,510.4333333,-0.708626678
3125_2455,3125_2455_5,24,10,0,536.2,-0.708626678
3125_2455,3125_2455_6,25,15,0,556.4666667,-0.708626678
3125_2455,3125_2455_7,25,10,1,585.4,-0.708626678
3125_2455,3125_2455_8,23,15,2,612.1166667,-0.708626678
3125_2455,3125_2455_9,20,10,1,676.8,-0.708626678
3125_2455,3125_2455_10,20,10,1,696.55,-0.708626678
3125_2455,3125_2455_11,20,20,1,718.3333333,-0.708626678
3125_2455,3125_2455_12,5,10,0,129.8666667,-0.72066715
3125_2455,3125_2455_13,6,10,0,152.3833333,-0.72066715
3125_2455,3125_2455_14,26,10,1,548.8,-0.72066715
3125_2455,3125_2455_15,22,10,2,582.3666667,-0.72066715
3125_2455,3125_2455_16,24,10,2,606.85,-0.72066715
3125_2455,3125_2455_17,24,0,1,632.7,-0.72066715
3125_2455,3125_2455_18,20,0,1,654.9333333,-0.72066715
3125_2455,3125_2455_19,20,0,2,670.0833333,-0.72066715
3125_2455,3125_2455_20,20,0,2,684.2833333,-0.72066715
3135_2410,3135_2410_1,5,0,0,158.8333333,-0.732494072
3135_2410,3135_2410_2,10,0,0,183.9833333,-0.732494072
3135_2410,3135_2410_3,12,0,0,213.4,-0.732494072
3135_2410,3135_2410_4,15,0,0,230.7166667,-0.732494072
3135_2410,3135_2410_5,16,0,0,253.2666667,-0.732494072
3135_2410,3135_2410_6,18,0,0,269.05,-0.732494072
3135_2410,3135_2410_7,18,0,2,425.7666667,-0.732494072
3135_2410,3135_2410_8,18,0,0,445.8833333,-0.732494072
3135_2410,3135_2410_9,18,0,2,462.35,-0.732494072
3135_2410,3135_2410_10,20,0,2,477.2333333,-0.732494072
3135_2410,3135_2410_11,20,0,2,493.55,-0.732494072
3135_2410,3135_2410_12,20,0,0,524.6,-0.732494072
3135_2410,3135_2410_13,20,0,2,540.3,-0.732494072
3135_2410,3135_2410_14,20,0,1,572.75,-0.732494072
3135_2410,3135_2410_15,20,0,1,649.2666667,-0.732494072
3135_2410,3135_2410_16,20,0,1,660.3833333,-0.732494072
3135_2410,3135_2410_17,19,0,0,677.2333333,-0.732494072
3135_2410,3135_2410_18,18,0,1,693.15,-0.732494072
3135_2410,3135_2410_19,18,0,1,710.4833333,-0.732494072
3135_2410,3135_2410_20,15,0,1,737.9666667,-0.732494072
3125_2330,3125_2330_1,8,0,0,132.8166667,-0.74410394
3125_2330,3125_2330_2,5,0,1,161.7333333,-0.74410394
3125_2330,3125_2330_3,10,0,0,180.05,-0.74410394
3125_2330,3125_2330_4,11,0,0,192.3,-0.74410394
3125_2330,3125_2330_5,14,0,0,207.7166667,-0.74410394
3125_2330,3125_2330_6,22,0,0,236.9833333,-0.74410394
3125_2330,3125_2330_7,22,0,0,275.8166667,-0.74410394
3125_2330,3125_2330_8,23,0,1,306.0166667,-0.74410394
3125_2330,3125_2330_9,21,0,2,338.6,-0.74410394
3125_2330,3125_2330_10,24,0,1,362.9,-0.74410394
3125_2330,3125_2330_11,20,0,4,388.7666667,-0.74410394
3125_2330,3125_2330_12,20,0,0,417.75,-0.74410394
3125_2330,3125_2330_13,23,0,2,431.7833333,-0.74410394
3125_2330,3125_2330_14,24,0,2,460.5,-0.74410394
3125_2330,3125_2330_15,23,0,2,490.25,-0.74410394
3125_2330,3125_2330_16,24,0,2,584.45,-0.74410394
3125_2330,3125_2330_17,27.2,0,0.9,604.95,-0.74410394
3125_2330,3125_2330_18,27,0,2,623.4,-0.74410394
3125_2330,3125_2330_19,27,0,1,674.7,-0.74410394
3125_2330,3125_2330_20,26,0,1,710.4166667,-0.74410394
3105_2400,3105_2400_1,13,0,1,140.9833333,-0.766658819
3105_2400,3105_2400_2,12,0,0,161.2833333,-0.766658819
3105_2400,3105_2400_3,14,0,0,178.75,-0.766658819
3105_2400,3105_2400_4,14,0,0,191.5166667,-0.766658819
3105_2400,3105_2400_5,14,0,1,208.2333333,-0.766658819
3105_2400,3105_2400_6,16,0,0,228.9333333,-0.766658819
3105_2400,3105_2400_7,17,30,1,243.1833333,-0.766658819
3105_2400,3105_2400_8,16,20,0,281.3,-0.766658819
3105_2400,3105_2400_9,20,35,1,300.1666667,-0.766658819
3105_2400,3105_2400_10,21,30,2,329.7,-0.766658819
3105_2400,3105_2400_11,22,30,1,367.4,-0.766658819
3105_2400,3105_2400_12,26,40,1,505.0666667,-0.766658819
3105_2400,3105_2400_13,26,40,1,519.9833333,-0.766658819
3105_2400,3105_2400_14,26,40,2,533.7666667,-0.766658819
3105_2400,3105_2400_15,26,40,2,545.6166667,-0.766658819
3105_2400,3105_2400_16,27,35,1,564.8166667,-0.766658819
3105_2400,3105_2400_17,26,40,1,579.1833333,-0.766658819
3105_2400,3105_2400_18,25,40,1,628.1,-0.766658819
3105_2400,3105_2400_19,22,60,1,652.2833333,-0.766658819
3105_2400,3105_2400_20,23,0,3,673.85,-0.766658819
3125_2355,3125_2355_1,6,20,0,129.7333333,-0.777597147
3125_2355,3125_2355_2,9,30,1,145,-0.777597147
3125_2355,3125_2355_3,10,30,0,157.1666667,-0.777597147
3125_2355,3125_2355_4,11,30,0,168.7666667,-0.777597147
3125_2355,3125_2355_5,12,50,0,180.9666667,-0.777597147
3125_2355,3125_2355_6,16.5,50,0,203.4333333,-0.777597147
3125_2355,3125_2355_7,17,50,0,228.5,-0.777597147
3125_2355,3125_2355_8,20,70,1,268.25,-0.777597147
3125_2355,3125_2355_9,17,60,2,292.8333333,-0.777597147
3125_2355,3125_2355_10,20,0,2,389.3333333,-0.777597147
3300_2455,3300_2455_1,13,0,0,178.8166667,-0.897743394
3300_2455,3300_2455_2,10,0,0,195.65,-0.897743394
3300_2455,3300_2455_3,13,0,0,216.9333333,-0.897743394
3300_2455,3300_2455_4,16,0,0,239.4666667,-0.897743394
3300_2455,3300_2455_5,15.3,0,0,251.1833333,-0.897743394
3300_2455,3300_2455_6,14,0,0,282.15,-0.897743394
3300_2455,3300_2455_7,15,0,0,312.2,-0.897743394
3300_2455,3300_2455_8,21,0,1,334.8,-0.897743394
3300_2455,3300_2455_9,21,0,0,354.7833333,-0.897743394
3300_2455,3300_2455_10,19,0,1,373.2833333,-0.897743394
3300_2455,3300_2455_11,20,0,0,386.15,-0.897743394
3300_2455,3300_2455_12,20,0,1,406.3333333,-0.897743394
3300_2455,3300_2455_13,24,15,0,490.3166667,-0.897743394
3300_2455,3300_2455_14,26,10,1,502.0833333,-0.897743394
3300_2455,3300_2455_15,27,10,0,528.4833333,-0.897743394
3300_2455,3300_2455_16,26,20,0,555.25,-0.897743394
3300_2455,3300_2455_17,25,30,0,583.3,-0.897743394
3300_2455,3300_2455_18,24.4,50,0,662.8833333,-0.897743394
3300_2455,3300_2455_19,25,50,0,670.95,-0.897743394
3300_2455,3300_2455_20,24,30,0,690.45,-0.897743394
3215_2230,3215_2230_1,5.5,40,0.5,161.75,-0.95993269
3215_2230,3215_2230_2,6,35,0,172.0666667,-0.95993269
3215_2230,3215_2230_3,7.7,30,0,179.7333333,-0.95993269
3215_2230,3215_2230_4,8,30,0,190.9333333,-0.95993269
3215_2230,3215_2230_5,9,30,0,203.45,-0.95993269
3215_2215,3215_2215_1,25.6,0,1,747.7333333,-0.95993269
3215_2215,3215_2215_2,24,0,0,758.9833333,-0.95993269
3215_2215,3215_2215_6,7.7,10,1,179.9166667,-0.954966755
3215_2215,3215_2215_7,8,0,2,196.35,-0.954966755
3215_2215,3215_2215_8,14,0,1,213.3166667,-0.954966755
3215_2215,3215_2215_9,15,0,2,231.1666667,-0.954966755
3215_2215,3215_2215_10,16.6,0,2,247.2,-0.954966755
3215_2215,3215_2215_3,17,0,3.5,260.45,-0.954966755
3215_2215,3215_2215_4,16.5,0,4,278.7333333,-0.954966755
3215_2215,3215_2215_5,17,0,4,293.3333333,-0.954966755
3215_2215,3215_2215_11,23.8,5,4,625.9666667,-0.954966755
3215_2215,3215_2215_12,24,5,4,641.8166667,-0.954966755
3215_2215,3215_2215_13,24,0,4,654.9166667,-0.954966755
3215_2215,3215_2215_14,24,5,4,671.1833333,-0.954966755
3215_2215,3215_2215_15,26,0,4,689.4166667,-0.954966755
3215_2215,3215_2215_16,23,5,5,710.7166667,-0.954966755
3215_2215,3215_2215_17,24,5,4,721.05,-0.954966755
3215_2215,3215_2215_18,5.6,0,0,166.9666667,-0.949717843
3215_2215,3215_2215_19,6.5,0,0,185.7166667,-0.949717843
3215_2215,3215_2215_20,8.4,0,0,203.7,-0.949717843
3145_2235,3145_2235_1,10.7,50,0,184.9833333,-0.944187509
3145_2235,3145_2235_2,11,50,0,203.4833333,-0.944187509
3145_2235,3145_2235_3,11.6,50,0,222.9166667,-0.944187509
3145_2235,3145_2235_4,15,70,1,256.25,-0.944187509
3145_2235,3145_2235_5,13,70,1,275.4166667,-0.944187509
3145_2235,3145_2235_6,12,70,2,298.05,-0.944187509
3145_2235,3145_2235_7,13,70,2,328.8666667,-0.944187509
3145_2235,3145_2235_8,11,80,5,345.8833333,-0.944187509
3145_2235,3145_2235_9,15,80,3,374.7,-0.944187509
3145_2235,3145_2235_10,15,70,2,396.3333333,-0.944187509
3145_2235,3145_2235_11,14,70,2,427.85,-0.944187509
3145_2235,3145_2235_12,17,70,3,475.4,-0.944187509
3145_2235,3145_2235_13,18,60,4,509.7666667,-0.944187509
3145_2235,3145_2235_14,20.4,50,3.5,543.35,-0.944187509
3145_2235,3145_2235_15,21,50,5,560.4666667,-0.944187509
3145_2235,3145_2235_16,20,50,3,584.9333333,-0.944187509
3145_2235,3145_2235_17,20,10,2,611.65,-0.944187509
3145_2235,3145_2235_18,21.3,5,3,633.1833333,-0.944187509
3145_2235,3145_2235_19,19,0,2,683.5333333,-0.944187509
3145_2235,3145_2235_20,13.6,0,0,163.5166667,-0.938377392
3230_2050,3230_2050_1,21,0,2,637.7333333,-0.932289213
3230_2050,3230_2050_2,22,0,0,646.3333333,-0.932289213
3230_2050,3230_2050_3,22,0,0,661.1333333,-0.932289213
3230_2050,3230_2050_4,22,0,2,669.7833333,-0.932289213
3230_2050,3230_2050_5,19,0,2,686.6166667,-0.932289213
3230_2050,3230_2050_6,18,0,2,704.0833333,-0.932289213
3230_2050,3230_2050_7,16,0,2,721.7833333,-0.932289213
3230_2050,3230_2050_8,15,0,4.5,342.3666667,-0.925924777
3230_2050,3230_2050_9,18,0,2.5,359.7166667,-0.925924777
3230_2050,3230_2050_10,19.5,0,2.5,374.75,-0.925924777
3230_2050,3230_2050_11,17.5,0,6,392.0833333,-0.925924777
3230_2050,3230_2050_12,17.5,0,5.5,413.85,-0.925924777
3230_2050,3230_2050_13,5.7,0,0,168.05,-0.91928597
3230_2050,3230_2050_14,3,0,1,176.6,-0.91928597
3230_2050,3230_2050_15,4,0,1,199.45,-0.91928597
3230_2050,3230_2050_16,5,5,2,211.3166667,-0.91928597
3230_2050,3230_2050_17,5,5,2,220.3833333,-0.91928597
3230_2050,3230_2050_18,5.5,10,2,245.65,-0.91928597
3230_2050,3230_2050_20,6,10,2,275.7166667,-0.91928597
3220_1950,3220_1950_1,7,10,0,160.45,-0.912374758
3220_1950,3220_1950_2,11.6,20,0,217.0333333,-0.912374758
3220_1950,3220_1950_3,15,90,0,255.3,-0.912374758
3220_1950,3220_1950_4,13,100,0,270.6666667,-0.912374758
3220_1950,3220_1950_5,14.5,100,1,294.5833333,-0.912374758
3220_1950,3220_1950_6,14,10,1,365.3166667,-0.912374758
3220_1950,3220_1950_7,17,0,1,375.05,-0.912374758
3220_1950,3220_1950_8,20,0,1,393.8833333,-0.912374758
3220_1950,3220_1950_9,21,5,2,492.2666667,-0.912374758
3220_1950,3220_1950_10,17.5,0,2.5,663.6333333,-0.912374758
3220_1950,3220_1950_11,19,0,0,676.7333333,-0.912374758
3220_1950,3220_1950_12,21.4,0,1.5,693.8833333,-0.912374758
3220_1950,3220_1950_13,20,0,1,711.2666667,-0.912374758
3220_1950,3220_1950_14,20.4,0,1.3,726.3666667,-0.912374758
3220_1950,3220_1950_15,20,0,0,744.2833333,-0.912374758
3220_1950,3220_1950_16,19,0,0,754.2166667,-0.912374758
3220_1950,3220_1950_17,17.8,0,0,765.0333333,-0.912374758
3220_1950,3220_1950_18,12,0,0,186.6,-0.90519319
3220_1950,3220_1950_19,7.6,0,1.8,245.3166667,-0.90519319
3220_1950,3220_1950_20,12.5,0,1,339.35,-0.90519319
3205_1955,3205_1955_1,23,0,1,673.4166667,-0.90519319
3205_1955,3205_1955_2,23,0,0,683.4666667,-0.90519319
3205_1955,3205_1955_3,22.7,0,1.5,713.6333333,-0.90519319
3205_1955,3205_1955_4,23,0,1,723.85,-0.90519319
3205_1955,3205_1955_5,22,0,1.5,738.7,-0.90519319
3205_1955,3205_1955_6,9.3,0,0,171.8833333,-0.897743394
3205_1955,3205_1955_7,10.5,0,0.5,186.1833333,-0.897743394
3205_1955,3205_1955_8,13.4,0,0.5,195,-0.897743394
3205_1955,3205_1955_9,12,0,0.5,207.7166667,-0.897743394
3205_1955,3205_1955_10,16,0,0.5,227.75,-0.897743394
3205_1955,3205_1955_11,18.9,0,0,243.6333333,-0.897743394
3205_1955,3205_1955_12,21.3,0,0,256.4333333,-0.897743394
3205_1955,3205_1955_13,22,0,0,271.7,-0.897743394
3205_1955,3205_1955_14,21.5,0,0.5,291.7,-0.897743394
3205_1955,3205_1955_15,24.5,0,4,317.6833333,-0.897743394
3205_1955,3205_1955_16,24,0,6,338.4,-0.897743394
3205_1955,3205_1955_17,11.4,0,0,173.3833333,-0.890027576
3205_1955,3205_1955_18,13.7,0,0,195.5,-0.890027576
3205_1955,3205_1955_19,14,0,0,212.85,-0.890027576
3205_1955,3205_1955_20,18.3,0,0,236.6666667,-0.890027576
3155_2330,3155_2330_1,25,0,5,659.1166667,-0.856550996
3155_2330,3155_2330_2,24.2,0,3.5,679.7833333,-0.856550996
3155_2330,3155_2330_3,22,0,4.5,695.8166667,-0.856550996
3155_2330,3155_2330_4,22,0,4.5,707.1833333,-0.856550996
3155_2330,3155_2330_5,22.4,0,3,724.6,-0.856550996
3155_2330,3155_2330_6,1.6,0,1.5,133.6,-0.847540923
3155_2330,3155_2330_7,2,0,1,151.35,-0.847540923
3155_2330,3155_2330_8,6,0,1,176.6333333,-0.847540923
3155_2330,3155_2330_9,8,0,0.5,207.3166667,-0.847540923
3155_2330,3155_2330_10,7,0,2,222.8833333,-0.847540923
3155_2330,3155_2330_11,8,0,1.5,237.3666667,-0.847540923
3155_2330,3155_2330_12,10.5,0,1,252.0333333,-0.847540923
3155_2330,3155_2330_13,13.3,0,0.5,266.4,-0.847540923
3155_2330,3155_2330_14,15,0,0.5,292.2166667,-0.847540923
3155_2330,3155_2330_15,20.4,0,1.5,387.45,-0.847540923
3155_2330,3155_2330_16,21.3,0,0.5,445.3166667,-0.847540923
3155_2330,3155_2330_17,21,0,5,470.3166667,-0.847540923
3155_2330,3155_2330_18,22,0,6.5,522.5666667,-0.847540923
3155_2330,3155_2330_19,23.3,0,4,572.4333333,-0.847540923
3155_2330,3155_2330_20,25.6,0,4,618.7,-0.847540923
3210_2345,3210_2345_1,8.8,85,0,151.6166667,-0.838279705
3210_2345,3210_2345_2,6.1,95,0,172.2666667,-0.838279705
3210_2345,3210_2345_3,6,100,0,189.7166667,-0.838279705
3210_2345,3210_2345_4,7.9,100,0,211.3166667,-0.838279705
3210_2345,3210_2345_5,8.8,100,0,244.7333333,-0.838279705
3210_2345,3210_2345_6,14.8,90,0,260.7833333,-0.838279705
3210_2345,3210_2345_7,16,100,0,276.4333333,-0.838279705
3210_2345,3210_2345_8,13,90,0,293.0833333,-0.838279705
3210_2345,3210_2345_9,13,100,0,309.3333333,-0.838279705
3210_2345,3210_2345_10,17,100,0,335.9166667,-0.838279705
3210_2345,3210_2345_11,21.3,90,3,365.55,-0.838279705
3210_2345,3210_2345_12,21,70,1.5,378.5,-0.838279705
3210_2345,3210_2345_13,19.9,70,3,410.0666667,-0.838279705
3210_2345,3210_2345_14,20.6,85,0,544.1333333,-0.838279705
3210_2345,3210_2345_15,23,85,1,560.6333333,-0.838279705
3210_2345,3210_2345_16,25,85,2,579.0166667,-0.838279705
3210_2345,3210_2345_17,22,90,1,593.25,-0.838279705
3210_2345,3210_2345_18,21.3,90,2.5,610.15,-0.838279705
3210_2345,3210_2345_19,21,100,0.5,643.85,-0.838279705
3210_2345,3210_2345_20,16.5,100,2.5,665.6166667,-0.838279705
3215_2140,3215_2140_1,5,10,0,130.3166667,-0.732494072
3215_2140,3215_2140_2,7,15,0,154.3333333,-0.732494072
3215_2140,3215_2140_3,8,15,0,173.6,-0.732494072
3215_2140,3215_2140_4,12,15,0,198.55,-0.732494072
3215_2140,3215_2140_5,14,20,0,223.5833333,-0.732494072
3215_2140,3215_2140_6,15,20,0.5,266.2833333,-0.732494072
3215_2140,3215_2140_7,20,15,1,288.2666667,-0.732494072
3215_2140,3215_2140_8,20,15,0.5,313.1166667,-0.732494072
3215_2140,3215_2140_9,23,10,0,348.65,-0.732494072
3215_2140,3215_2140_10,16,10,0.5,385.35,-0.732494072
3215_2140,3215_2140_11,16,10,2,441.8,-0.732494072
3215_2140,3215_2140_12,16,10,5,521.95,-0.732494072
3215_2140,3215_2140_13,22,10,1.5,596.8666667,-0.732494072
3215_2140,3215_2140_14,23,15,1.5,618.25,-0.732494072
3215_2140,3215_2140_15,23,10,2.5,647.0333333,-0.732494072
3215_2140,3215_2140_16,23,10,2,672.6333333,-0.732494072
3215_2140,3215_2140_17,23,10,2.5,693.0166667,-0.732494072
3210_2150,3210_2150_1,12,65,1.2,159.3166667,-0.72066715
3210_2150,3210_2150_2,17,60,0,181.15,-0.72066715
3210_2150,3210_2150_3,16,60,2,204,-0.72066715
3210_2150,3210_2150_4,17,60,1,223.3333333,-0.72066715
3210_2150,3210_2150_5,20.3,40,1,253.7833333,-0.72066715
3210_2150,3210_2150_6,21,25,1.5,279.9166667,-0.72066715
3210_2150,3210_2150_7,23.6,15,1,308.3,-0.72066715
3210_2150,3210_2150_8,22.5,5,1.5,333.1666667,-0.72066715
3210_2150,3210_2150_9,22,0,2.5,356.0833333,-0.72066715
3210_2150,3210_2150_10,22,0,2.5,377.3,-0.72066715
3210_2150,3210_2150_11,24.5,0,2.5,400.95,-0.72066715
3210_2150,3210_2150_12,25,0,2.5,438.2666667,-0.72066715
3210_2150,3210_2150_13,24,0,2,456.5,-0.72066715
3210_2150,3210_2150_14,27,0,3,471.4833333,-0.72066715
3210_2150,3210_2150_15,27,0,2.5,499.2833333,-0.72066715
3210_2150,3210_2150_16,27,0,0.5,512.4666667,-0.72066715
3210_2150,3210_2150_17,26,0,3,523.6333333,-0.72066715
3210_2150,3210_2150_18,26,0,3,543.0666667,-0.72066715
3210_2150,3210_2150_19,27,0,1.5,557.1833333,-0.72066715
3210_2150,3210_2150_20,27,0,2,563.65,-0.72066715
3215_2140,3215_2140_18,25,0,5.5,708.0333333,-0.72066715
3215_2140,3215_2140_19,22,0,3,714.5666667,-0.72066715
3215_2140,3215_2140_20,22,0,2.5,728.15,-0.72066715
3155_2125,3155_2125_1,2.5,30,3.7,145.65,-0.708626678
3155_2125,3155_2125_2,3,30,3,158.65,-0.708626678
3155_2125,3155_2125_3,2.5,25,3,174.2166667,-0.708626678
3155_2125,3155_2125_4,5,25,3,184.5333333,-0.708626678
3155_2125,3155_2125_5,5.5,10,2,205.1833333,-0.708626678
3155_2125,3155_2125_6,5,15,3.5,227.7833333,-0.708626678
3155_2125,3155_2125_7,5,30,3,238.7,-0.708626678
3155_2125,3155_2125_8,4,40,4,267.7666667,-0.708626678
3155_2125,3155_2125_9,9,60,3,345.5333333,-0.708626678
3155_2125,3155_2125_10,10,75,2,372.3666667,-0.708626678
3155_2125,3155_2125_11,9.2,60,3.3,631.75,-0.708626678
3155_2125,3155_2125_12,9,85,4,656.9,-0.708626678
3155_2125,3155_2125_13,9.5,85,4.5,672.3,-0.708626678
3155_2125,3155_2125_14,9,85,5,680.9833333,-0.708626678
3155_2125,3155_2125_15,9,40,4,705.7666667,-0.708626678
3155_2125,3155_2125_16,8,80,5,723.3833333,-0.708626678
3240_2150,3240_2150_1,5,15,2.5,139.2833333,-0.696376226
3240_2150,3240_2150_2,5,15,2.5,155.5666667,-0.696376226
3240_2150,3240_2150_3,7.7,20,2,170.3,-0.696376226
3240_2150,3240_2150_4,10,15,2,194.6333333,-0.696376226
3240_2150,3240_2150_5,8.8,45,1.5,219.3333333,-0.696376226
3240_2150,3240_2150_6,10,60,2,251.1166667,-0.696376226
3240_2150,3240_2150_7,13.6,10,3,268.1,-0.696376226
3240_2150,3240_2150_8,12,15,3.5,276.8166667,-0.696376226
3240_2150,3240_2150_9,15.8,50,1,350.1166667,-0.696376226
3240_2150,3240_2150_10,15,70,1.5,366.7333333,-0.696376226
3240_2150,3240_2150_11,20.3,85,0,383.9666667,-0.696376226
3240_2150,3240_2150_12,14,90,2,399.0333333,-0.696376226
3240_2150,3240_2150_13,15,95,2.5,422,-0.696376226
3240_2150,3240_2150_14,19.3,95,0.5,459.7666667,-0.696376226
3240_2150,3240_2150_15,16.6,90,1.5,506.4333333,-0.696376226
3240_2150,3240_2150_16,22.2,65,1,530.8166667,-0.696376226
3240_2150,3240_2150_17,22,50,1,578.8,-0.696376226
3240_2150,3240_2150_18,16.5,40,3,619.6333333,-0.696376226
3240_2150,3240_2150_19,18,70,0.5,635.9166667,-0.696376226
3240_2150,3240_2150_20,2.5,60,2.8,653.5833333,-0.696376226
3140_2120,3140_2120_1,1,0,2,187.2833333,-0.683919422
3140_2120,3140_2120_2,5.2,0,3,218.0333333,-0.683919422
3140_2120,3140_2120_3,5,0,3,225.0166667,-0.683919422
3140_2120,3140_2120_4,4,0,3,238.9,-0.683919422
3140_2120,3140_2120_5,4.5,0,3,255.2333333,-0.683919422
3140_2120,3140_2120_6,8,10,2.5,268.8333333,-0.683919422
3140_2120,3140_2120_7,8,10,3.5,285.95,-0.683919422
3140_2120,3140_2120_8,12.1,10,2.5,320.3666667,-0.683919422
3140_2120,3140_2120_9,12,15,3,338.8,-0.683919422
3140_2120,3140_2120_10,15.5,50,2,417.1666667,-0.683919422
3140_2120,3140_2120_11,15,45,3.5,473.4333333,-0.683919422
3140_2120,3140_2120_12,15,30,4.5,493.55,-0.683919422
3140_2120,3140_2120_13,17,40,1.5,521.4666667,-0.683919422
3140_2120,3140_2120_14,17.4,65,1,546.2333333,-0.683919422
3140_2120,3140_2120_15,18,75,2,578.6166667,-0.683919422
3140_2120,3140_2120_16,17.5,70,2.7,602.05,-0.683919422
3140_2120,3140_2120_17,18,70,3,660.2333333,-0.683919422
3140_2120,3140_2120_18,17,65,3,674.4333333,-0.683919422
3140_2120,3140_2120_19,16,65,4,682.6,-0.683919422
3140_2120,3140_2120_20,16,65,3,699.9833333,-0.683919422
3155_2125,3155_2125_17,4.2,50,1.5,131.1333333,-0.671259958
3155_2125,3155_2125_18,1.9,75,0.5,154.25,-0.671259958
3155_2125,3155_2125_19,2,75,0,180.5666667,-0.671259958
3155_2125,3155_2125_20,3,65,0.5,200.2,-0.671259958
3250_2125,3250_2125_1,22.2,20,0,690.9666667,-0.671259958
3250_2125,3250_2125_2,22,55,1,716.2166667,-0.671259958
3250_2125,3250_2125_3,22,45,0,736.9166667,-0.671259958
3250_2125,3250_2125_4,24,40,0,755.4166667,-0.671259958
3250_2125,3250_2125_5,24,40,0.5,772.35,-0.671259958
3250_2125,3250_2125_6,6,25,0,191.35,-0.658401585
3250_2125,3250_2125_7,5,25,0,212.15,-0.658401585
3250_2125,3250_2125_8,11.3,15,0.5,243.1166667,-0.658401585
3250_2125,3250_2125_9,23,15,0.5,272.95,-0.658401585
3250_2125,3250_2125_10,23,15,0,333.95,-0.658401585
3250_2125,3250_2125_11,15.4,55,0,194.1666667,-0.645348113
3250_2125,3250_2125_12,13.7,60,0,208.2833333,-0.645348113
3250_2125,3250_2125_13,14,70,0,231.4666667,-0.645348113
3250_2125,3250_2125_14,18,45,0,245.25,-0.645348113
3250_2125,3250_2125_15,22,40,0,276.6666667,-0.645348113
3250_2125,3250_2125_16,23,45,0,309.2666667,-0.645348113
3250_2125,3250_2125_17,20,50,2,323.6166667,-0.645348113
3250_2125,3250_2125_18,19.8,45,2.5,336.95,-0.645348113
3250_2125,3250_2125_19,22.6,35,1,353.0666667,-0.645348113
3250_2125,3250_2125_20,20,30,1.5,362.8333333,-0.645348113
3245_2005,3245_2005_1,10,65,1,161.35,-0.632103411
3245_2005,3245_2005_2,8,10,2.5,184.85,-0.632103411
3245_2005,3245_2005_3,8,15,4,201.2666667,-0.632103411
3245_2005,3245_2005_4,9.8,80,1.5,223.4833333,-0.632103411
3245_2005,3245_2005_5,7,100,6,250.65,-0.632103411
3245_2005,3245_2005_6,9,60,1.5,278.15,-0.632103411
3245_2005,3245_2005_7,8.5,90,2.5,319.8,-0.632103411
3245_2005,3245_2005_8,10,100,3.5,324.5833333,-0.632103411
3245_2005,3245_2005_9,10,100,3,343.2666667,-0.632103411
3245_2005,3245_2005_10,11,90,3,362.8,-0.632103411
3245_2005,3245_2005_11,11.5,80,5,397.7333333,-0.632103411
3245_2005,3245_2005_12,13.6,50,5,419.4166667,-0.632103411
3245_2005,3245_2005_13,14,60,8,466.55,-0.632103411
3245_2005,3245_2005_14,16.2,50,5,500.6166667,-0.632103411
3245_2005,3245_2005_15,18,60,2.5,523.2333333,-0.632103411
3245_2005,3245_2005_16,16.6,65,4.5,549.6666667,-0.632103411
3245_2005,3245_2005_17,18,45,3,570.2,-0.632103411
3245_2005,3245_2005_18,19,55,4,587.8333333,-0.632103411
3245_2005,3245_2005_19,18,50,4,625.3166667,-0.632103411
3245_2005,3245_2005_20,18.1,40,1.5,638.4666667,-0.632103411
3240_2020,3240_2020_1,5,60,0.5,145.1166667,-0.618671403
3240_2020,3240_2020_2,8,15,1.5,163.3833333,-0.618671403
3240_2020,3240_2020_3,5,15,0.5,179.8833333,-0.618671403
3240_2020,3240_2020_4,6.1,10,0,198.0333333,-0.618671403
3240_2020,3240_2020_5,10,10,0,217.7,-0.618671403
3240_2020,3240_2020_6,11.4,10,0,233.7333333,-0.618671403
3240_2020,3240_2020_7,14,20,0,253.05,-0.618671403
3240_2020,3240_2020_8,11.3,10,2.5,288.9333333,-0.618671403
3240_2020,3240_2020_9,14.6,15,1,319.9833333,-0.618671403
3240_2020,3240_2020_10,17,15,2,340.8333333,-0.618671403
3240_2020,3240_2020_11,16,10,2.5,354.5666667,-0.618671403
3240_2020,3240_2020_12,17,0,2.5,374.65,-0.618671403
3240_2020,3240_2020_13,17,0,2,395.9,-0.618671403
3240_2020,3240_2020_14,17.5,0,2.5,434.7166667,-0.618671403
3240_2020,3240_2020_15,17,0,4,499.4833333,-0.618671403
3240_2020,3240_2020_16,21,0,2,521.5666667,-0.618671403
3240_2020,3240_2020_17,20,0,1,543.0333333,-0.618671403
3240_2020,3240_2020_18,19.5,0,3,575.7666667,-0.618671403
3240_2020,3240_2020_19,19,0,3.5,594.3833333,-0.618671403
3240_2020,3240_2020_20,19,0,4,637.3333333,-0.618671403
3215_2115,3215_2115_1,4.7,70,1.5,131.3833333,-0.60505607
3215_2115,3215_2115_2,8.6,85,0.4,153.75,-0.60505607
3215_2115,3215_2115_3,5.4,90,1.5,173.55,-0.60505607
3215_2115,3215_2115_4,5,0,1,185.8,-0.60505607
3215_2115,3215_2115_5,5.2,95,1.5,209.6833333,-0.60505607
3215_2115,3215_2115_6,5,95,1,222.9833333,-0.60505607
3215_2115,3215_2115_7,6.2,100,1.5,253.2833333,-0.60505607
3215_2115,3215_2115_8,6.3,100,1,268.6666667,-0.60505607
3215_2115,3215_2115_9,11,90,1,292.0166667,-0.60505607
3215_2115,3215_2115_10,10,100,1,324.3333333,-0.60505607
3215_2115,3215_2115_11,11.5,90,1.5,347.2,-0.60505607
3215_2115,3215_2115_12,15.6,70,1.5,436.4333333,-0.60505607
3215_2115,3215_2115_13,9,70,4,460.4166667,-0.60505607
3215_2115,3215_2115_14,12,75,3,473.6333333,-0.60505607
3215_2115,3215_2115_15,15.7,50,1.5,495.3833333,-0.60505607
3215_2115,3215_2115_16,18,55,0.5,527.0166667,-0.60505607
3215_2115,3215_2115_17,13.6,65,2,561.4666667,-0.60505607
3215_2115,3215_2115_18,10,70,5,598.1166667,-0.60505607
3215_2115,3215_2115_19,12,60,3,638.05,-0.60505607
3215_2115,3215_2115_20,10,80,3,654.2333333,-0.60505607
3205_2055,3205_2055_1,2.7,0,1.2,142.2166667,-0.591261445
3205_2055,3205_2055_2,2.4,0,1.4,165.2166667,-0.591261445
3205_2055,3205_2055_3,2,0,2.5,176.05,-0.591261445
3205_2055,3205_2055_4,2,0,2.5,187.65,-0.591261445
3205_2055,3205_2055_5,5,0,4,231.8,-0.591261445
3205_2055,3205_2055_6,5.5,0,2,244.2833333,-0.591261445
3205_2055,3205_2055_7,5,0,4,274.4,-0.591261445
3205_2055,3205_2055_8,8,0,3,283.5,-0.591261445
3205_2055,3205_2055_9,14,0,1.5,304.5166667,-0.591261445
3205_2055,3205_2055_10,11,0,0.5,337.2166667,-0.591261445
3205_2055,3205_2055_11,13,0,0,362.25,-0.591261445
3205_2055,3205_2055_12,16.4,0,0.5,407.45,-0.591261445
3205_2055,3205_2055_13,20.4,0,0.5,437.8666667,-0.591261445
3205_2055,3205_2055_14,23.4,0,0.5,467.4666667,-0.591261445
3205_2055,3205_2055_15,19.5,0,1.5,528.9166667,-0.591261445
3205_2055,3205_2055_16,20,0,1.5,550.3666667,-0.591261445
3205_2055,3205_2055_17,20,0,1.5,570.3166667,-0.591261445
3205_2055,3205_2055_18,22,0,0.5,612.7333333,-0.591261445
3205_2055,3205_2055_19,23,0,0,626.2166667,-0.591261445
3205_2055,3205_2055_20,23,0,0.5,681.5666667,-0.591261445
3150_2045,3150_2045_1,5,0,0,134.8166667,-0.577291617
3150_2045,3150_2045_2,5,0,0,150.1666667,-0.577291617
3150_2045,3150_2045_3,6,0,0,166.2666667,-0.577291617
3150_2045,3150_2045_4,8,0,0,186.7666667,-0.577291617
3150_2045,3150_2045_5,5.6,0,0,207.0833333,-0.577291617
3150_2045,3150_2045_6,13.6,0,0,227.7666667,-0.577291617
3150_2045,3150_2045_7,12.7,0,1,247.15,-0.577291617
3150_2045,3150_2045_8,16,0,1.8,262.8333333,-0.577291617
3150_2045,3150_2045_9,15,0,1.3,327.5,-0.577291617
3150_2045,3150_2045_10,18,0,0.5,334.8,-0.577291617
3150_2045,3150_2045_11,20.6,0,0,348.1166667,-0.577291617
3150_2045,3150_2045_12,22,0,0.5,374.3666667,-0.577291617
3150_2045,3150_2045_13,22,0,1.7,388.2666667,-0.577291617
3150_2045,3150_2045_14,22,0,1,411.2833333,-0.577291617
3150_2045,3150_2045_15,20.6,0,1.5,447.1333333,-0.577291617
3150_2045,3150_2045_16,24,0,1,470.1333333,-0.577291617
3150_2045,3150_2045_17,25,0,2.5,531.7833333,-0.577291617
3150_2045,3150_2045_18,21.1,0,2,555.7333333,-0.577291617
3150_2045,3150_2045_19,22.7,0,2.5,575.6,-0.577291617
3150_2045,3150_2045_20,22.2,0,2,601.55,-0.577291617
3115_2105,3115_2105_1,5.5,0,0,129.5833333,-0.563150724
3115_2105,3115_2105_2,6,0,0,146.7,-0.563150724
3115_2105,3115_2105_3,6,0,0,159.75,-0.563150724
3115_2105,3115_2105_4,12.3,0,0,200.9,-0.563150724
3115_2105,3115_2105_5,12,0,0.5,213.2333333,-0.563150724
3115_2105,3115_2105_6,14,0,0,231.1166667,-0.563150724
3115_2105,3115_2105_7,13,0,2.5,257.0833333,-0.563150724
3115_2105,3115_2105_8,14,0,2.5,274.1666667,-0.563150724
3115_2105,3115_2105_9,13,0,2.5,303.35,-0.563150724
3115_2105,3115_2105_10,14.5,0,2.5,314.1166667,-0.563150724
3115_2105,3115_2105_11,15,0,1.5,327.65,-0.563150724
3115_2105,3115_2105_12,21.3,0,2,343.0166667,-0.563150724
3115_2105,3115_2105_13,17.5,0,1.5,363.35,-0.563150724
3115_2105,3115_2105_14,18,0,2.5,370.0833333,-0.563150724
3115_2105,3115_2105_15,18,0,2.5,379.5,-0.563150724
3115_2105,3115_2105_16,26.7,0,1.5,587.1833333,-0.563150724
3115_2105,3115_2105_17,25,0,2,641.5833333,-0.563150724
3115_2105,3115_2105_18,27,0,3,656,-0.563150724
3115_2105,3115_2105_19,26,0,2.5,669.25,-0.563150724
3115_2105,3115_2105_20,26,0,2,688.45,-0.563150724
3135_2030,3135_2030_1,10,0,2,169.0333333,-0.548842958
3135_2030,3135_2030_2,16.5,0,0,195.3833333,-0.548842958
3135_2030,3135_2030_3,16,0,2,215.5,-0.548842958
3135_2030,3135_2030_4,12.7,0,3,232.9,-0.548842958
3135_2030,3135_2030_5,12.5,0,2.5,246.2833333,-0.548842958
3135_2030,3135_2030_6,13.5,0,2,262.85,-0.548842958
3135_2030,3135_2030_7,17,0,2.5,287.4,-0.548842958
3135_2030,3135_2030_8,18,0,2,308.4166667,-0.548842958
3135_2030,3135_2030_9,20,0,1.9,328.9833333,-0.548842958
3135_2030,3135_2030_10,22.5,0,3,347.8833333,-0.548842958
3135_2030,3135_2030_11,22.5,0,4.5,365.9833333,-0.548842958
3135_2030,3135_2030_12,26,0,4,377.9166667,-0.548842958
3135_2030,3135_2030_13,24.2,0,3,419.1833333,-0.548842958
3135_2030,3135_2030_14,28,0,7,606.1666667,-0.548842958
3135_2030,3135_2030_15,28,0,5,636.5166667,-0.548842958
3120_2140,3120_2140_1,10.4,0,0,148.3333333,-0.534372558
3120_2140,3120_2140_2,15.7,0,0,196.05,-0.534372558
3120_2140,3120_2140_3,17,0,1.5,218.4166667,-0.534372558
3120_2140,3120_2140_4,15.8,0,0,232.1,-0.534372558
3120_2140,3120_2140_5,17.7,0,2.1,252.6666667,-0.534372558
3120_2140,3120_2140_6,17.7,10,2.8,285.4166667,-0.534372558
3120_2140,3120_2140_7,17.6,5,2,300.45,-0.534372558
3120_2140,3120_2140_8,18.9,10,2.5,320.1833333,-0.534372558
3120_2140,3120_2140_9,20.5,5,2.5,339.3666667,-0.534372558
3120_2140,3120_2140_10,22,15,3.5,361.1,-0.534372558
3120_2140,3120_2140_11,22,30,2,383.5833333,-0.534372558
3120_2140,3120_2140_12,21.6,40,3,436.3166667,-0.534372558
3120_2140,3120_2140_13,23.3,25,2,459.3333333,-0.534372558
3120_2140,3120_2140_14,28,0,1.5,473.65,-0.534372558
3120_2140,3120_2140_15,26,65,4,501.55,-0.534372558
3120_2215,3120_2215_1,3,0,0,123.9,-0.519743812
3120_2215,3120_2215_2,7,0,1,147.2,-0.519743812
3120_2215,3120_2215_3,10.4,0,0,163.2,-0.519743812
3120_2215,3120_2215_4,9.5,0,0.5,176.8333333,-0.519743812
3120_2215,3120_2215_5,11,0,1.5,197.65,-0.519743812
3120_2215,3120_2215_6,10.6,0,2,213.6833333,-0.519743812
3120_2215,3120_2215_7,10,0,2.5,239.7333333,-0.519743812
3120_2215,3120_2215_8,10.3,0,3,265.1166667,-0.519743812
3120_2215,3120_2215_9,10,0,3,283.65,-0.519743812
3120_2215,3120_2215_10,11,0,3,322.15,-0.519743812
3120_2215,3120_2215_11,13,0,3.5,332.7833333,-0.519743812
3120_2215,3120_2215_12,13,0,2.5,353.9833333,-0.519743812
3120_2215,3120_2215_13,25,0,1.3,399.0166667,-0.519743812
3120_2215,3120_2215_14,19.8,0,2.5,423.3333333,-0.519743812
3120_2215,3120_2215_15,23.3,0,0.5,437.2166667,-0.519743812
3120_2215,3120_2215_16,25,0,1,469.5833333,-0.519743812
3120_2215,3120_2215_17,26,0,0.5,508.7833333,-0.519743812
3120_2215,3120_2215_18,21,0,0,592.5166667,-0.519743812
3120_2215,3120_2215_19,23,0,2.5,622.3333333,-0.519743812
3120_2215,3120_2215_20,27,0,0.5,663.1666667,-0.519743812
3140_2210,3140_2210_1,8,0,0,157.9,-0.504961055
3140_2210,3140_2210_2,8.7,0,0,182.7166667,-0.504961055
3140_2210,3140_2210_3,10.1,0,1.5,208.9333333,-0.504961055
3140_2210,3140_2210_4,10.3,0,2,234.35,-0.504961055
3140_2210,3140_2210_5,11.6,0,2.5,258.7333333,-0.504961055
3140_2210,3140_2210_6,12.9,0,3.5,297.5166667,-0.504961055
3140_2210,3140_2210_7,14.6,0,4.5,325.5833333,-0.504961055
3140_2210,3140_2210_8,13.7,0,3.8,354.8833333,-0.504961055
3140_2210,3140_2210_9,15.6,0,4.2,369.4,-0.504961055
3140_2210,3140_2210_10,15.9,0,3.2,394.2666667,-0.504961055
3140_2210,3140_2210_11,10,0,0.5,164.95,-0.504961055
3140_2210,3140_2210_12,10,0,1.5,187.3333333,-0.504961055
3140_2210,3140_2210_13,10,0,2,197.45,-0.504961055
3140_2210,3140_2210_14,12,0,2,228.4166667,-0.504961055
3140_2210,3140_2210_15,14,0,2,259.0833333,-0.504961055
3140_2210,3140_2210_16,15,0,2.5,303.4666667,-0.504961055
3140_2210,3140_2210_17,12,0,3.5,324.6666667,-0.504961055
3140_2210,3140_2210_18,18,0,1,355.25,-0.504961055
3140_2210,3140_2210_19,20,0,2,403.3666667,-0.504961055
3140_2210,3140_2210_20,20,0,3,434.9,-0.504961055
3200_2215,3200_2215_1,8.8,0,0,183.75,-0.490028666
3200_2215,3200_2215_2,11.4,0,0.8,206.7666667,-0.490028666
3200_2215,3200_2215_3,12.2,0,2.2,226.4666667,-0.490028666
3200_2215,3200_2215_4,12.1,0,1.8,247.8,-0.490028666
3200_2215,3200_2215_5,14.6,0,1,263.6833333,-0.490028666
3200_2215,3200_2215_6,16.8,0,0.9,288.1666667,-0.490028666
3200_2215,3200_2215_7,16.1,0,1.1,299.9,-0.490028666
3200_2215,3200_2215_8,16.4,0,1.5,316.3666667,-0.490028666
3200_2215,3200_2215_9,17.2,0,1.3,333.8166667,-0.490028666
3200_2215,3200_2215_10,18.7,0,2.6,351.3,-0.490028666
3200_2215,3200_2215_11,8,0,1.5,207.2333333,-0.490028666
3200_2215,3200_2215_12,11,0,1.5,220.0166667,-0.490028666
3200_2215,3200_2215_13,14,0,0,238.75,-0.490028666
3200_2215,3200_2215_14,15,0,1.5,253.15,-0.490028666
3200_2215,3200_2215_15,14,0,2,271.7833333,-0.490028666
3200_2215,3200_2215_16,14,0,1.5,285.35,-0.490028666
3200_2215,3200_2215_17,15,0,2,312.2166667,-0.490028666
3200_2215,3200_2215_18,18,0,0,341.9833333,-0.490028666
3200_2215,3200_2215_19,20,0,1,363.5,-0.490028666
3200_2215,3200_2215_20,23,0,1,374.4666667,-0.490028666
3225_2425,3225_2425_1,6.1,0,1.3,121.0833333,-0.444378178
3225_2425,3225_2425_2,10.9,0,0,136.8666667,-0.444378178
3225_2425,3225_2425_3,11.4,0,0,157.6333333,-0.444378178
3225_2425,3225_2425_4,11.1,0,0,172.1833333,-0.444378178
3225_2425,3225_2425_5,12.5,0,0.8,189.4333333,-0.444378178
3225_2425,3225_2425_6,12,0,1.2,204.5833333,-0.444378178
3225_2425,3225_2425_7,17.3,0,0,226.05,-0.444378178
3225_2425,3225_2425_8,21.3,0,0,238.5,-0.444378178
3225_2425,3225_2425_9,21.7,0,0,253.5333333,-0.444378178
3225_2425,3225_2425_10,24.3,0,0,274.5666667,-0.444378178
3225_2425,3225_2425_11,27.8,0,0,294.9666667,-0.444378178
3225_2425,3225_2425_12,27,0,1.3,321.1166667,-0.444378178
3225_2425,3225_2425_13,27.3,0,1.8,333.2833333,-0.444378178
3225_2425,3225_2425_14,28,0,1,351.7166667,-0.444378178
3225_2425,3225_2425_15,32.4,0,1.4,374.4833333,-0.444378178
3225_2425,3225_2425_16,31.1,0,3.1,385.3333333,-0.444378178
3210_2445,3210_2445_1,15.5,0,3.8,122.35,-0.428891938
3210_2445,3210_2445_2,15.7,0,2.3,141.6,-0.428891938
3210_2445,3210_2445_3,17.2,0,3.7,163.2333333,-0.428891938
3210_2445,3210_2445_4,19.9,0,3.6,199.05,-0.428891938
3210_2445,3210_2445_5,19.8,0,3.4,224.3166667,-0.428891938
3210_2445,3210_2445_6,18.4,0,7.4,240.8,-0.428891938
3210_2445,3210_2445_7,20.5,0,3,259.4333333,-0.428891938
3210_2445,3210_2445_8,23.5,0,4.2,279.8666667,-0.428891938
3210_2445,3210_2445_9,22.6,0,3.6,313.3333333,-0.428891938
3210_2445,3210_2445_10,24.3,0,4.2,336.2,-0.428891938
3210_2445,3210_2445_11,25.1,0,3.5,355.8,-0.428891938
3210_2445,3210_2445_12,25.3,0,6.6,378.25,-0.428891938
3210_2445,3210_2445_13,29.2,0,4.2,401.8833333,-0.428891938
3210_2445,3210_2445_14,29.2,0,2.1,423.1833333,-0.428891938
3210_2445,3210_2445_15,30.2,0,3.1,460.4,-0.428891938
3210_2445,3210_2445_16,29.7,0,3.4,512.2666667,-0.428891938
3210_2445,3210_2445_17,29.1,0,6,539,-0.428891938
3210_2445,3210_2445_18,27.3,0,7.5,559.9333333,-0.428891938
3210_2445,3210_2445_19,31.7,0,2.4,574.1666667,-0.428891938
3210_2445,3210_2445_20,30.3,0,4.2,593.2833333,-0.428891938
3225_2425,3225_2425_17,31.8,0,7,663.9666667,-0.428891938
3240_2455,3240_2455_1,18,20,0,120.2333333,-0.413278608
3240_2455,3240_2455_2,16,60,0,145.1833333,-0.413278608
3240_2455,3240_2455_3,16.6,65,0,160.4333333,-0.413278608
3240_2455,3240_2455_4,15,0,1.6,178.2833333,-0.413278608
3240_2455,3240_2455_5,18,90,0,198.5333333,-0.413278608
3240_2455,3240_2455_6,18,90,2,218.6666667,-0.413278608
3240_2455,3240_2455_7,16,100,2,237.55,-0.413278608
3240_2455,3240_2455_8,19,100,1,260.8333333,-0.413278608
3240_2455,3240_2455_9,19,0,1.3,288.2666667,-0.413278608
3240_2455,3240_2455_10,19,100,0,312.35,-0.413278608
3240_2455,3240_2455_11,19,100,0,328.35,-0.413278608
3240_2455,3240_2455_12,21.7,82,0,352.3333333,-0.413278608
3240_2455,3240_2455_13,21,60,1,373.7,-0.413278608
3240_2455,3240_2455_14,21,35,0,394.3,-0.413278608
3240_2455,3240_2455_15,23,15,0.5,416.3,-0.413278608
3240_2455,3240_2455_16,23,0,1,644.8,-0.413278608
3240_2455,3240_2455_17,22,0,0,671.3333333,-0.413278608
3240_2455,3240_2455_18,25,0,0,686.4166667,-0.413278608
3240_2455,3240_2455_19,25,0,0,710.4333333,-0.413278608
3240_2455,3240_2455_20,22,0,0,734.1,-0.413278608
3230_2510,3230_2510_1,15,0,0,150.4333333,-0.397542814
3230_2510,3230_2510_2,16,0,1.8,174.8833333,-0.397542814
3230_2510,3230_2510_3,20,0,2,199.8666667,-0.397542814
3230_2510,3230_2510_4,21,0,1.8,223.4333333,-0.397542814
3230_2510,3230_2510_5,22,0,2,238.8,-0.397542814
3230_2510,3230_2510_6,20,0,4,261.8333333,-0.397542814
3230_2510,3230_2510_7,24,0,2,295.7833333,-0.397542814
3230_2510,3230_2510_8,25,0,3.8,320.9666667,-0.397542814
3230_2510,3230_2510_9,25,0,3,338.7333333,-0.397542814
3230_2510,3230_2510_10,26,0,3.5,386.8333333,-0.397542814
3230_2510,3230_2510_21,26,0,4.8,412.2,-0.397542814
3230_2510,3230_2510_11,15,0,2,188.6,-0.397542814
3230_2510,3230_2510_12,20,0,3,221.9833333,-0.397542814
3230_2510,3230_2510_13,20,0,4,252.5833333,-0.397542814
3230_2510,3230_2510_14,21,0,3.5,273.1,-0.397542814
3230_2510,3230_2510_15,22,20,4,330.7,-0.397542814
3230_2510,3230_2510_16,20,0,4,385.1333333,-0.397542814
3230_2510,3230_2510_17,20,0,5,446.6833333,-0.397542814
3230_2510,3230_2510_18,24,0,3,482.05,-0.397542814
3230_2510,3230_2510_19,25,0,3,509.0833333,-0.397542814
3225_2540,3225_2540_11,18,0,1.5,230.1333333,-0.38168922
3225_2540,3225_2540_12,18,0,3,255.1833333,-0.38168922
3225_2540,3225_2540_13,20,0,4,275.5333333,-0.38168922
3225_2540,3225_2540_14,22,0,3.2,296.3333333,-0.38168922
3225_2540,3225_2540_15,24,0,3,315.6333333,-0.38168922
3225_2540,3225_2540_1,14,0,0,103.9833333,-0.38168922
3225_2540,3225_2540_2,14,0,0,132.4666667,-0.38168922
3225_2540,3225_2540_3,15,0,0,146.7666667,-0.38168922
3225_2540,3225_2540_4,18,0,1.5,189.5666667,-0.38168922
3225_2540,3225_2540_5,18,0,2.5,228.3166667,-0.38168922
3225_2540,3225_2540_6,19,0,3.5,260.8333333,-0.38168922
3225_2540,3225_2540_7,20,0,3,286.15,-0.38168922
3225_2540,3225_2540_8,23,0,2.5,315.9833333,-0.38168922
3225_2540,3225_2540_9,26,0,2.5,372.9166667,-0.38168922
3225_2540,3225_2540_10,29,0,1.5,424.4833333,-0.38168922
3225_2540,3225_2540_16,29,0,1.5,449.3,-0.38168922
3225_2540,3225_2540_17,26,0,4,607.5833333,-0.38168922
3225_2540,3225_2540_18,26,0,4,630.9166667,-0.38168922
3225_2540,3225_2540_19,25,0,4,648.45,-0.38168922
3225_2540,3225_2540_20,21,0,4,689.8666667,-0.38168922
3230_2615,3230_2615_1,13,0,1.5,126.3833333,-0.365722523
3230_2615,3230_2615_2,13,100,0,143.2166667,-0.365722523
3230_2615,3230_2615_3,15,100,0,167.55,-0.365722523
3230_2615,3230_2615_4,16,100,0,194.2,-0.365722523
3230_2615,3230_2615_5,15,100,0.5,215.25,-0.365722523
3230_2615,3230_2615_6,15,100,1,231.45,-0.365722523
3230_2615,3230_2615_7,15,100,0,243.8833333,-0.365722523
3230_2615,3230_2615_8,16,0,0,262.6333333,-0.365722523
3230_2615,3230_2615_9,17,100,0,281.7166667,-0.365722523
3230_2615,3230_2615_10,17,100,0,294.4833333,-0.365722523
3230_2615,3230_2615_11,16,100,0,312.2166667,-0.365722523
3230_2615,3230_2615_12,16,100,0.5,330.3833333,-0.365722523
3230_2615,3230_2615_13,18,80,1,345.2166667,-0.365722523
3230_2615,3230_2615_14,19,20,0,363,-0.365722523
3230_2615,3230_2615_15,19,0,0,380.9166667,-0.365722523
3230_2615,3230_2615_16,19,0,0,407.9,-0.365722523
3230_2615,3230_2615_17,20,0,0,425.15,-0.365722523
3230_2615,3230_2615_18,22,0,0.5,439.5166667,-0.365722523
3230_2615,3230_2615_19,23,0,0,453.9333333,-0.365722523
3230_2615,3230_2615_20,23,0,0,473.45,-0.365722523
3250_2600,3250_2600_1,14,100,1,99.63333333,-0.349647455
3250_2600,3250_2600_2,15,100,0,113.15,-0.349647455
3250_2600,3250_2600_3,15,100,1,173.25,-0.349647455
3250_2600,3250_2600_4,15,0,0,187.15,-0.349647455
3250_2600,3250_2600_5,15,100,1,203.8333333,-0.349647455
3250_2600,3250_2600_6,15,100,1.5,215.5833333,-0.349647455
3250_2600,3250_2600_7,15,100,2,230.0833333,-0.349647455
3250_2600,3250_2600_8,15,100,1.5,246.55,-0.349647455
3250_2600,3250_2600_9,16,100,2,264.1666667,-0.349647455
3250_2600,3250_2600_10,16,80,2,283.2833333,-0.349647455
3250_2600,3250_2600_11,18,10,0,318.4833333,-0.349647455
3250_2600,3250_2600_12,18,5,2,338.6,-0.349647455
3250_2600,3250_2600_13,20,5,0,356.7666667,-0.349647455
3250_2600,3250_2600_14,20,0,1.5,380.65,-0.349647455
3250_2600,3250_2600_15,24,0,0.5,392.6333333,-0.349647455
3250_2600,3250_2600_16,24,0,1,410.85,-0.349647455
3250_2600,3250_2600_17,26,0,0,424.2333333,-0.349647455
3250_2600,3250_2600_18,26,0,2,447.2833333,-0.349647455
3250_2600,3250_2600_19,26,0,1,485.1666667,-0.349647455
3250_2600,3250_2600_20,26,0,0,548.4333333,-0.349647455
3150_2525,3150_2525_1,15,100,0,132.0833333,-0.284359187
3150_2525,3150_2525_2,15,100,0,153.1833333,-0.284359187
3150_2525,3150_2525_3,15,100,0,174.1833333,-0.284359187
3150_2525,3150_2525_4,14,100,0.5,227.4333333,-0.284359187
3150_2525,3150_2525_5,15,100,0,244.05,-0.284359187
3150_2525,3150_2525_6,15,100,0,263.9333333,-0.284359187
3150_2525,3150_2525_7,16,100,0,289.7833333,-0.284359187
3150_2525,3150_2525_8,17,100,1,325.35,-0.284359187
3150_2525,3150_2525_9,17,100,0,341.6333333,-0.284359187
3150_2525,3150_2525_10,17,90,0,358.3666667,-0.284359187
3150_2525,3150_2525_11,18,75,0,376.6166667,-0.284359187
3150_2525,3150_2525_12,18,70,1,390.4333333,-0.284359187
3150_2525,3150_2525_13,18,70,0,413,-0.284359187
3150_2525,3150_2525_14,18,45,1,436.45,-0.284359187
3150_2525,3150_2525_15,19,40,1.5,466.1166667,-0.284359187
3150_2525,3150_2525_16,20,70,2.5,536.3333333,-0.284359187
3150_2525,3150_2525_17,20,70,2.5,551.0666667,-0.284359187
3150_2525,3150_2525_18,20,60,2.5,576.7666667,-0.284359187
3150_2525,3150_2525_19,20,50,2,641.1166667,-0.284359187
3150_2525,3150_2525_20,16,80,3,755.4833333,-0.284359187
3050_2500,3050_2500_1,17,35,2,172,-0.267814305
3050_2500,3050_2500_2,18,35,2.5,188.4166667,-0.267814305
3050_2500,3050_2500_3,20,30,3,199.6,-0.267814305
3050_2500,3050_2500_4,20,30,3,225.05,-0.267814305
3050_2500,3050_2500_5,20,30,3,241.4833333,-0.267814305
3050_2500,3050_2500_6,21,30,3.5,258.1833333,-0.267814305
3050_2500,3050_2500_7,23,35,2.5,275.4166667,-0.267814305
3050_2500,3050_2500_8,23,30,2.5,288.4333333,-0.267814305
3050_2500,3050_2500_9,24,20,4,313.2166667,-0.267814305
3050_2500,3050_2500_10,25,40,4.5,332.2666667,-0.267814305
3050_2500,3050_2500_11,25,40,4,341.55,-0.267814305
3050_2500,3050_2500_12,25,40,5,351.5833333,-0.267814305
3050_2500,3050_2500_13,27,30,5,378.0166667,-0.267814305
3050_2500,3050_2500_14,29,20,6,414.7166667,-0.267814305
3050_2500,3050_2500_15,29,30,7,432,-0.267814305
3115_2525,3115_2525_1,17,100,2.5,150.8333333,-0.251190064
3115_2525,3115_2525_2,15,90,2.5,176.05,-0.251190064
3115_2525,3115_2525_3,16,90,2.5,209.85,-0.251190064
3115_2525,3115_2525_4,16,80,2.5,232.55,-0.251190064
3115_2525,3115_2525_5,15,60,3.5,248.3833333,-0.251190064
3115_2525,3115_2525_6,17,75,2,277.45,-0.251190064
3115_2525,3115_2525_7,23,70,1,344.4166667,-0.251190064
3115_2525,3115_2525_8,18,100,4,414.3,-0.251190064
3115_2525,3115_2525_9,18,100,3,431.6333333,-0.251190064
3115_2525,3115_2525_10,16,100,3.5,447.5166667,-0.251190064
3115_2525,3115_2525_11,14,100,4,463.7666667,-0.251190064
3115_2525,3115_2525_12,14.5,100,3,484.3166667,-0.251190064
3115_2525,3115_2525_14,13.9,100,5,502.35,-0.251190064
3115_2525,3115_2525_15,15,100,6,531.15,-0.251190064
3130_2540,3130_2540_1,4.4,15,0,94.46666667,-0.23449139
3130_2540,3130_2540_2,6,10,0,118.7833333,-0.23449139
3130_2540,3130_2540_3,8,10,0,139.6333333,-0.23449139
3130_2540,3130_2540_4,12.3,5,0,170.8,-0.23449139
3130_2540,3130_2540_5,14.7,5,0,193.9166667,-0.23449139
3130_2540,3130_2540_6,16,60,1,220.9166667,-0.23449139
3130_2540,3130_2540_7,18,40,0,242.1833333,-0.23449139
3130_2540,3130_2540_8,17,25,1,267.6333333,-0.23449139
3130_2540,3130_2540_9,21,10,1,321.4333333,-0.23449139
3130_2540,3130_2540_10,17,10,2,350.4166667,-0.23449139
3130_2540,3130_2540_11,17,10,3.5,369.0833333,-0.23449139
3130_2540,3130_2540_12,23,5,2,400.5166667,-0.23449139
3130_2540,3130_2540_13,26,5,1,425.8333333,-0.23449139
3130_2540,3130_2540_14,25,10,1,489.3333333,-0.23449139
3130_2540,3130_2540_15,26,10,2,572.8166667,-0.23449139
3130_2540,3130_2540_16,28,5,2,597.2166667,-0.23449139
3130_2540,3130_2540_17,27,10,1,626.45,-0.23449139
3130_2540,3130_2540_18,27,15,2,645.3666667,-0.23449139
3130_2540,3130_2540_19,26,10,1.5,665.1166667,-0.23449139
3130_2540,3130_2540_20,21,5,3.5,696.0166667,-0.23449139
3055_2540,3055_2540_1,18,10,0,139.7666667,-0.21772323
3055_2540,3055_2540_2,18,15,0,159.1833333,-0.21772323
3055_2540,3055_2540_3,23,10,1,222.0833333,-0.21772323
3055_2540,3055_2540_4,22,10,2,332.4666667,-0.21772323
3055_2540,3055_2540_5,22,20,2,349,-0.21772323
3055_2540,3055_2540_6,21,10,2.5,366.35,-0.21772323
3055_2540,3055_2540_7,19,10,4,381.75,-0.21772323
3055_2540,3055_2540_8,20,5,3.5,400.0333333,-0.21772323
3055_2540,3055_2540_9,21,5,3,415.2833333,-0.21772323
3055_2540,3055_2540_10,21,5,2,428.6,-0.21772323
3055_2540,3055_2540_11,23,5,3.5,456.5,-0.21772323
3055_2540,3055_2540_12,25,5,2,480.0333333,-0.21772323
3055_2540,3055_2540_13,24,10,4,508.0166667,-0.21772323
3055_2540,3055_2540_14,24,15,2.5,531.8666667,-0.21772323
3055_2540,3055_2540_15,25,15,1.5,580.1166667,-0.21772323
3055_2540,3055_2540_16,25,5,1,603.5666667,-0.21772323
3055_2540,3055_2540_17,24,15,2.5,630.8333333,-0.21772323
3055_2540,3055_2540_18,23,30,2,647.15,-0.21772323
3055_2540,3055_2540_19,23,35,2,660.9833333,-0.21772323
3055_2540,3055_2540_20,23,20,1.5,676.6333333,-0.21772323
3125_2610,3125_2610_1,14,20,0,117.2166667,-0.200890555
3125_2610,3125_2610_2,16,10,0,144.5,-0.200890555
3125_2610,3125_2610_3,16,15,0,164.9833333,-0.200890555
3125_2610,3125_2610_4,17,15,0,184.2166667,-0.200890555
3125_2610,3125_2610_5,23,15,0,198.0833333,-0.200890555
3125_2610,3125_2610_6,23,20,0.5,214.7666667,-0.200890555
3125_2610,3125_2610_7,25,20,0,238.6,-0.200890555
3125_2610,3125_2610_8,23.3,15,2,264.0833333,-0.200890555
3125_2610,3125_2610_9,25,15,3.5,298.8833333,-0.200890555
3125_2610,3125_2610_10,26,10,2.4,337.15,-0.200890555
3125_2610,3125_2610_11,23,0,2,368.1166667,-0.200890555
3125_2610,3125_2610_12,25,10,3.5,386.8666667,-0.200890555
3125_2610,3125_2610_13,25,25,2,408.4666667,-0.200890555
3125_2610,3125_2610_14,27,35,1,505.0666667,-0.200890555
3125_2610,3125_2610_15,25,25,1.5,526.2166667,-0.200890555
3125_2610,3125_2610_16,27,20,2,550.6333333,-0.200890555
3125_2610,3125_2610_17,27.6,20,1.5,571.3833333,-0.200890555
3125_2610,3125_2610_18,28,30,2,630.25,-0.200890555
3125_2610,3125_2610_19,30,15,2,657.2666667,-0.200890555
3125_2610,3125_2610_20,30,15,1,673.35,-0.200890555
3150_2605,3150_2605_1,12,50,2.5,119.9666667,-0.183998352
3150_2605,3150_2605_2,13.9,65,4.5,138.55,-0.183998352
3150_2605,3150_2605_3,13,20,4.5,158.7666667,-0.183998352
3150_2605,3150_2605_4,14,10,4,174.5833333,-0.183998352
3150_2605,3150_2605_5,16,10,2.5,190.85,-0.183998352
3150_2605,3150_2605_6,16,10,4.5,205.7833333,-0.183998352
3150_2605,3150_2605_7,18,10,2.5,224.2,-0.183998352
3150_2605,3150_2605_8,20,10,4,256.1333333,-0.183998352
3150_2605,3150_2605_9,22,10,3,275.5,-0.183998352
3150_2605,3150_2605_10,21,5,3.5,294.55,-0.183998352
3150_2605,3150_2605_11,19,0,4,319.6666667,-0.183998352
3150_2605,3150_2605_12,24,0,1.5,340.15,-0.183998352
3150_2605,3150_2605_13,28,5,0.5,395.6333333,-0.183998352
3150_2605,3150_2605_14,31,0,0.5,434.2,-0.183998352
3150_2605,3150_2605_15,30,0,1,455.1666667,-0.183998352
3150_2605,3150_2605_16,26,5,3,538,-0.183998352
3150_2605,3150_2605_17,27,0,1.5,558.3666667,-0.183998352
3150_2605,3150_2605_18,28,0,1,582.9166667,-0.183998352
3150_2605,3150_2605_19,29.2,5,2,609.0666667,-0.183998352
3150_2605,3150_2605_20,28,15,3,635.1333333,-0.183998352
3145_2430,3145_2430_1,20,0,4,131.5833333,-0.167051626
3145_2430,3145_2430_2,22,0,6,149.9333333,-0.167051626
3145_2430,3145_2430_3,24,0,5.5,219.4166667,-0.167051626
3145_2430,3145_2430_4,22,100,0,142.7666667,-0.150055398
3145_2430,3145_2430_5,22,100,1,177.6666667,-0.150055398
3145_2430,3145_2430_6,24.7,80,0.5,192.2666667,-0.150055398
3145_2430,3145_2430_7,23,90,1.5,207.6166667,-0.150055398
3145_2430,3145_2430_8,23,90,2,221.8666667,-0.150055398
3145_2430,3145_2430_9,24,100,2.5,236.7166667,-0.150055398
3145_2430,3145_2430_10,24,100,5,250.5333333,-0.150055398
3145_2430,3145_2430_11,24.5,100,3.5,277.0333333,-0.150055398
3145_2430,3145_2430_12,25,100,2.5,291.6833333,-0.150055398
3145_2430,3145_2430_13,22,100,5,304.7666667,-0.150055398
3145_2430,3145_2430_14,22,100,2.5,318.1666667,-0.150055398
3145_2430,3145_2430_15,24,100,1.5,339.1833333,-0.150055398
3215_2305,3215_2305_1,17.2,0,0,170.25,0.09025161
3215_2305,3215_2305_2,19.5,0,0,193.2333333,0.09025161
3215_2305,3215_2305_3,20.9,0,0,209,0.09025161
3215_2305,3215_2305_4,23.8,0,0,237.6833333,0.09025161
3215_2305,3215_2305_5,25.4,0,0,253.9166667,0.09025161
3215_2305,3215_2305_6,24.7,0,0,269.45,0.09025161
3215_2305,3215_2305_7,26.3,0,0,284.3333333,0.09025161
3215_2305,3215_2305_8,26.7,0,0,300.8,0.09025161
3215_2305,3215_2305_9,26.8,0,1.1,310.6833333,0.09025161
3215_2305,3215_2305_10,27.4,0,2,328.0333333,0.09025161
3215_2305,3215_2305_11,27.8,0,1.5,356.4666667,0.09025161
3215_2305,3215_2305_12,27.6,0,1,373.5333333,0.09025161
3215_2305,3215_2305_13,29,0,1.3,395.35,0.09025161
3215_2305,3215_2305_14,28.1,0,0.8,403.7333333,0.09025161
3215_2305,3215_2305_15,28.6,0,0.8,417.9333333,0.09025161
3215_2305,3215_2305_16,29.2,0,0.6,434.6833333,0.09025161
3215_2305,3215_2305_17,31.7,0,0,444.3666667,0.09025161
3215_2305,3215_2305_18,30.4,0,1,464.1333333,0.09025161
3215_2305,3215_2305_19,30.5,0,0.8,480.4833333,0.09025161
3215_2305,3215_2305_20,30.9,0,2,495.6166667,0.09025161
3245_2315,3245_2315_1,14,90,0,147.4666667,0.158559385
3245_2315,3245_2315_2,15,90,0,167.2,0.158559385
3245_2315,3245_2315_3,15,60,0,186.9,0.158559385
3245_2315,3245_2315_4,15,30,1.8,209.6666667,0.158559385
3245_2315,3245_2315_5,18,25,1.8,236.8166667,0.158559385
3245_2315,3245_2315_6,19,85,0,255.95,0.158559385
3245_2315,3245_2315_7,18,90,1.5,278.8166667,0.158559385
3245_2315,3245_2315_8,17,100,2,297.0666667,0.158559385
3245_2315,3245_2315_9,16,100,2.5,319.9666667,0.158559385
3245_2315,3245_2315_10,19,100,0,338.8833333,0.158559385
3245_2315,3245_2315_11,20,70,2,355.7166667,0.158559385
3245_2315,3245_2315_12,21,80,0,376.15,0.158559385
3245_2315,3245_2315_13,22,65,1.5,399.5166667,0.158559385
3245_2315,3245_2315_14,24,70,0,421.4333333,0.158559385
3245_2315,3245_2315_15,22,0,2.7,437.05,0.158559385
3245_2315,3245_2315_16,20,60,1.8,456.9,0.158559385
3245_2315,3245_2315_17,24,60,1.5,477.7333333,0.158559385
3245_2315,3245_2315_18,24,60,1.5,495.35,0.158559385
3245_2315,3245_2315_19,24,75,2,514.8166667,0.158559385
3245_2315,3245_2315_20,24,70,2,534.7833333,0.158559385
3225_2335,3225_2335_1,18,0,3.5,162.7833333,0.17553149
3225_2335,3225_2335_2,16.3,0,4.5,178.8166667,0.17553149
3225_2335,3225_2335_3,19.3,0,2.5,197.35,0.17553149
3225_2335,3225_2335_4,17.9,0,4,210.35,0.17553149
3225_2335,3225_2335_5,18.4,0,2,226.7166667,0.17553149
3225_2335,3225_2335_6,19.5,0,3,240.5666667,0.17553149
3225_2335,3225_2335_7,20.5,0,2.5,255.3833333,0.17553149
3225_2335,3225_2335_8,20.6,0,2,266.65,0.17553149
3225_2335,3225_2335_9,22,0,1.5,283.5666667,0.17553149
3225_2335,3225_2335_10,24,0,2.5,305.1333333,0.17553149
3225_2335,3225_2335_11,26.1,0,1,323.9833333,0.17553149
3225_2335,3225_2335_12,26.1,0,3.5,338.4833333,0.17553149
3225_2335,3225_2335_13,25.2,5,5,352.3,0.17553149
3225_2335,3225_2335_14,25.4,5,2,369.95,0.17553149
3225_2335,3225_2335_15,26.1,5,0,385.5333333,0.17553149
3225_2335,3225_2335_16,25.3,10,4,403.4166667,0.17553149
3225_2335,3225_2335_17,26,0,0,415.8666667,0.17553149
3225_2335,3225_2335_18,27.5,20,0,443.7,0.17553149
3225_2335,3225_2335_19,27,30,0.5,457.3,0.17553149
3225_2335,3225_2335_20,27,25,1,471.7833333,0.17553149
3245_2405,3245_2405_1,20,0,1.5,200.2666667,0.325342085
3245_2405,3245_2405_2,19,0,1.5,223,0.325342085
3245_2405,3245_2405_3,19,0,2,247.7833333,0.325342085
3245_2405,3245_2405_4,20,0,1.5,272.65,0.325342085
3245_2405,3245_2405_5,20,0,2,290.9666667,0.325342085
3245_2405,3245_2405_6,21,0,1.5,310.9166667,0.325342085
3245_2405,3245_2405_7,22,0,1.5,331.2,0.325342085
3245_2405,3245_2405_8,23,0,1.5,354.5833333,0.325342085
3245_2405,3245_2405_9,23,0,1.5,376.8666667,0.325342085
3245_2405,3245_2405_10,24,10,1,396.2,0.325342085
3245_2405,3245_2405_11,24,10,1.5,415.0833333,0.325342085
3245_2405,3245_2405_12,24,0,1,440.3333333,0.325342085
3245_2405,3245_2405_13,25,20,1,452.0333333,0.325342085
3245_2405,3245_2405_14,24,0,1.5,460.8,0.325342085
3245_2405,3245_2405_15,25,15,2,475.7,0.325342085
3245_2405,3245_2405_16,23,15,1.5,489.35,0.325342085
3245_2405,3245_2405_17,24,15,1.5,502.4833333,0.325342085
3245_2405,3245_2405_18,25,25,2.5,519.5833333,0.325342085
3245_2405,3245_2405_19,26,40,1,527.0166667,0.325342085
3245_2405,3245_2405_20,23,50,3.5,544.4666667,0.325342085
3325_2310,3325_2310_1,21,20,0,96.51666667,0.373719715
3325_2310,3325_2310_2,21,15,0,112.8,0.373719715
3325_2310,3325_2310_3,20,10,0,131.2,0.373719715
3325_2310,3325_2310_4,24.5,5,0,147.5666667,0.373719715
3325_2310,3325_2310_5,26.5,0,0,164.7,0.373719715
3325_2310,3325_2310_6,26,0,0.5,181.7,0.373719715
3325_2310,3325_2310_7,26,0,0.5,198.5,0.373719715
3325_2310,3325_2310_8,26,0,2,217.2833333,0.373719715
3325_2310,3325_2310_9,26,0,4,233.7,0.373719715
3325_2310,3325_2310_10,25.5,0,2,248.8666667,0.373719715
3325_2310,3325_2310_12,26,0,2.5,283.45,0.373719715
3325_2310,3325_2310_13,27,0,2.5,301.75,0.373719715
3325_2310,3325_2310_15,28,0,2,321.5333333,0.373719715
3325_2310,3325_2310_14,29,0,2.5,343.8,0.373719715
3325_2310,3325_2310_16,31,10,1.5,357.6166667,0.373719715
3325_2310,3325_2310_17,31,15,2.5,377,0.373719715
3325_2310,3325_2310_18,32,20,4,395.6666667,0.373719715
3325_2310,3325_2310_19,31,50,5,414,0.373719715
3325_2310,3325_2310_20,31.5,0,3,429.8833333,0.373719715
3225_2455,3225_2455_1,25,0,2,200.3,0.405425728
3225_2455,3225_2455_2,26,0,1.5,220.7333333,0.405425728
3225_2455,3225_2455_3,28,0,1.5,246.8333333,0.405425728
3225_2455,3225_2455_4,27,0,2,269.15,0.405425728
3225_2455,3225_2455_5,25,0,2,291.1166667,0.405425728
3225_2455,3225_2455_6,26,0,3,312.1833333,0.405425728
3225_2455,3225_2455_7,28,0,2,333.1333333,0.405425728
3225_2455,3225_2455_8,27,0,2,358.7166667,0.405425728
3225_2455,3225_2455_9,27.8,0,4,381.2833333,0.405425728
3225_2455,3225_2455_10,29.2,0,3.8,402.5666667,0.405425728
3225_2455,3225_2455_11,29,0,5,426.3833333,0.405425728
3225_2455,3225_2455_12,29,0,3.5,447.7,0.405425728
3225_2455,3225_2455_13,31,0,4.5,466.1666667,0.405425728
3225_2455,3225_2455_14,31,0,5.5,485.3666667,0.405425728
3225_2455,3225_2455_15,30,1,7,508.15,0.405425728
3155_2250,3155_2250_1,10,100,1,133.6666667,0.158559385
3155_2250,3155_2250_2,7,100,1.5,154.1833333,0.158559385
3155_2250,3155_2250_3,8,100,1,175.35,0.158559385
3155_2250,3155_2250_4,9,100,1.5,197.6333333,0.158559385
3155_2250,3155_2250_5,11,100,1.5,227.7166667,0.158559385
3155_2250,3155_2250_6,12,100,1.5,262.6666667,0.158559385
3155_2250,3155_2250_7,12,100,2,282.2333333,0.158559385
3155_2250,3155_2250_8,13,100,1.5,305.4166667,0.158559385
3155_2250,3155_2250_9,14,100,1.5,331.35,0.158559385
3155_2250,3155_2250_10,14,100,2,350.2833333,0.158559385
3155_2250,3155_2250_11,15,100,1,369.6166667,0.158559385
3155_2250,3155_2250_12,15,90,1,400.4833333,0.158559385
3155_2250,3155_2250_13,16,90,1.5,428.4333333,0.158559385
3155_2250,3155_2250_14,16,85,2,458.8166667,0.158559385
3155_2250,3155_2250_15,18,80,2.5,496.4,0.158559385
3155_2250,3155_2250_16,18,75,1.5,527.9333333,0.158559385
3155_2250,3155_2250_17,18,70,2,560.8666667,0.158559385
3155_2250,3155_2250_18,19,50,2.5,585.6666667,0.158559385
3155_2250,3155_2250_19,21,25,1,609.7666667,0.158559385
3140_2320,3140_2320_1,12,0,0,141.65,0.17553149
3140_2320,3140_2320_2,14,0,0,163.4833333,0.17553149
3140_2320,3140_2320_3,15,0,0,181.3833333,0.17553149
3140_2320,3140_2320_4,16,0,0,203.5666667,0.17553149
3140_2320,3140_2320_5,18,0,0,222.4,0.17553149
3140_2320,3140_2320_6,18,0,2,256.9,0.17553149
3140_2320,3140_2320_7,16,0,2.5,278.9333333,0.17553149
3140_2320,3140_2320_8,18,10,4,302.6333333,0.17553149
3140_2320,3140_2320_9,18,10,3,323.9,0.17553149
3140_2320,3140_2320_10,19,15,3.5,362.4833333,0.17553149
3140_2320,3140_2320_11,18,15,3,376.7333333,0.17553149
3140_2320,3140_2320_12,18,15,3.5,396.7333333,0.17553149
3140_2320,3140_2320_13,20,20,4,425.0833333,0.17553149
3140_2320,3140_2320_14,20,20,4.5,459.6833333,0.17553149
3140_2320,3140_2320_15,22,20,4,501.05,0.17553149
3140_2320,3140_2320_16,20,20,3.5,546.45,0.17553149
