param,Mean,Median,St.Dev.,95%CI_low,95%CI_upp
Nocc.fs[1],41,41,0,41,41
Nocc.fs[2],12,12,0,12,12
Nocc.fs[3],36,36,0,36,36
Nocc.fs[4],18,18,0,18,18
Nocc.fs[5],29,29,0,29,29
Nocc.fs[6],11,11,0,11,11
Nocc.fs[7],14,14,0,14,14
Nocc.fs[8],46,46,0,46,46
Nocc.fs[9],43,43,0,43,43
Nocc.fs[10],22,22,0,22,22
Nocc.fs[11],47,47,0,47,47
Nocc.fs[12],48,48,0,48,48
Nocc.fs[13],25,25,0,25,25
Nocc.fs[14],14,14,0,14,14
Nocc.fs[15],16,16,0,16,16
Nocc.fs[16],44,44,0,44,44
Nocc.fs[17],34,34,0,34,34
Nocc.fs[18],10,10,0,10,10
Nocc.fs[19],26,26,0,26,26
Nocc.fs[20],20,20,0,20,20
Nocc.fs[21],26,26,0,26,26
Nocc.fs[22],46,46,0,46,46
Nocc.fs[23],26,26,0,26,26
Nocc.fs[24],12,12,0,12,12
Nocc.fs[25],41,41,0,41,41
Nocc.fs[26],4,4,0,4,4
Nocc.fs[27],22,22,0,22,22
Nocc.fs[28],17,17,0,17,17
Nocc.fs[29],31,31,0,31,31
Nocc.fs[30],28,28,0,28,28
Nocc.fs[31],13,13,0,13,13
Nocc.fs[32],29,29,0,29,29
Nocc.fs[33],53,53,0,53,53
Nocc.fs[34],55,55,0,55,55
Nocc.fs[35],26,26,0,26,26
Nocc.fs[36],27,27,0,27,27
Nocc.fs[37],29,29,0,29,29
Nocc.fs[38],19,19,0,19,19
Nocc.fs[39],16,16,0,16,16
Nocc.fs[40],15,15,0,15,15
Nocc.fs[41],22,22,0,22,22
Nocc.fs[42],17,17,0,17,17
Nocc.fs[43],15,15,0,15,15
Nocc.fs[44],18,18,0,18,18
Nocc.fs[45],9,9,0,9,9
Nocc.fs[46],11,11,0,11,11
Nocc.fs[47],46,46,0,46,46
Nocc.fs[48],28,28,0,28,28
Nocc.fs[49],18,18,0,18,18
Nocc.fs[50],15,15,0,15,15
Nocc.fs[51],17,17,0,17,17
Nocc.fs[52],24,24,0,24,24
Nocc.fs[53],53,53,0,53,53
Nocc.fs[54],14,14,0,14,14
Nocc.fs[55],28,28,0,28,28
Nocc.fs[56],19,19,0,19,19
Nocc.fs[57],12,12,0,12,12
Nocc.fs[58],10,10,0,10,10
Nocc.fs[59],32,32,0,32,32
Nocc.fs[60],27,27,0,27,27
Nocc.fs[61],22,22,0,22,22
Nocc.fs[62],31,31,0,31,31
Nocc.fs[63],9,9,0,9,9
Nocc.fs[64],15,15,0,15,15
Nocc.fs[65],20,20,0,20,20
Nocc.fs[66],29,29,0,29,29
Nocc.fs[67],24,24,0,24,24
Nocc.fs[68],20,20,0,20,20
Nsite[1],14,14,0,14,14
Nsite[2],33,33,0,33,33
Nsite[3],27,27,0,27,27
Nsite[4],36,36,0,36,36
Nsite[5],26,26,0,26,26
Nsite[6],40,40,0,40,40
Nsite[7],27,27,0,27,27
Nsite[8],40,40,0,40,40
Nsite[9],22,22,0,22,22
Nsite[10],35,35,0,35,35
Nsite[11],23,23,0,23,23
Nsite[12],41,41,0,41,41
Nsite[13],28,28,0,28,28
Nsite[14],43,43,0,43,43
Nsite[15],25,25,0,25,25
Nsite[16],32,32,0,32,32
Nsite[17],24,24,0,24,24
Nsite[18],33,33,0,33,33
Nsite[19],28,28,0,28,28
Nsite[20],26,26,0,26,26
Nsite[21],32,32,0,32,32
Nsite[22],22,22,0,22,22
Nsite[23],28,28,0,28,28
Nsite[24],40,40,0,40,40
Nsite[25],41,41,0,41,41
Nsite[26],24,24,0,24,24
Nsite[27],32,32,0,32,32
Nsite[28],28,28,0,28,28
Nsite[29],33,33,0,33,33
Nsite[30],26,26,0,26,26
Nsite[31],31,31,0,31,31
Nsite[32],32,32,0,32,32
Nsite[33],39,39,0,39,39
Nsite[34],24,24,0,24,24
Nsite[35],18,18,0,18,18
Nsite[36],21,21,0,21,21
Nsite[37],22,22,0,22,22
Nsite[38],30,30,0,30,30
Nsite[39],31,31,0,31,31
Nsite[40],20,20,0,20,20
Nsite[41],26,26,0,26,26
Nsite[42],26,26,0,26,26
Nsite[43],23,23,0,23,23
Nsite[44],21,21,0,21,21
Nsite[45],16,16,0,16,16
Nsite[46],31,31,0,31,31
Nsite[47],12,12,0,12,12
Nsite[48],26,26,0,26,26
Nsite[49],14,14,0,14,14
Nsite[50],17,17,0,17,17
Nsite[51],32,32,0,32,32
Nsite[52],32,32,0,32,32
Nsite[53],38,38,0,38,38
Nsite[54],17,17,0,17,17
Nsite[55],33,33,0,33,33
Nsite[56],26,26,0,26,26
Nsite[57],29,29,0,29,29
Nsite[58],23,23,0,23,23
Nsite[59],26,26,0,26,26
Nsite[60],18,18,0,18,18
Nsite[61],33,33,0,33,33
alpha1,-0.11125413727292952,-0.06786945710414782,0.08668984368738591,-0.2897788277103839,-0.03166918834465597
alpha2,-0.020491896442549406,-0.025386567478631744,0.005979148461254845,-0.026238361408980376,-0.010774270649203051
alpha3,-0.008730545387299863,-0.0016189122278033232,0.014076692737126702,-0.04154284089662236,-0.0015320259010695738
alpha4,0.10975456815621586,0.08276624767746767,0.06334091308728797,0.03637366835760174,0.21521963108745967
alpha5,-0.062188298918245496,-0.04967043976070937,0.02603718131028961,-0.10310313953755512,-0.03501930203629501
alpha6,0.06805407929220456,0.04521043497582292,0.05182780111325813,0.01805552410350273,0.15786884383355604
beta1[1],0.06801271788999162,0.0979112515481511,0.36025825201890876,-0.608693777475743,0.6451128235300335
beta1[2],0.7718468907163218,0.6480386822930393,0.3644468458025858,0.2751597155676587,1.4358247306180136
beta1[3],0.17932557569253257,0.2676024092256034,0.30952176743692783,-0.49705120400957536,0.6743808011342083
beta1[4],0.37810891072199343,0.3914266937609454,0.34770119545215616,-0.3415296748388627,1.1400305896352556
beta1[5],0.3491721190788834,0.34423467997849033,0.293861576754115,-0.23813096632705252,0.9476672024815435
beta1[6],1.1071050425647362,1.0259043299162884,0.540201324721251,0.3722258353905787,2.054774636950751
beta1[7],0.14560112251046767,0.1736560938934759,0.34194475307633887,-0.487277284433852,0.6290773930851853
beta1[8],-0.33623602218566856,-0.44416448327125674,0.4835886914998937,-1.014676525094605,0.5876061507953846
beta1[9],-0.25440047610224986,-0.2907308169038638,0.4605747719865195,-0.9881056178273135,0.44513863471392773
beta1[10],0.6980587092729523,0.6082412404102392,0.36503680530635135,0.09675287351893856,1.396420124868879
beta1[11],-0.08787522997381095,-0.13482373211581505,0.38032028743619023,-0.7889988788625732,0.4893446327615227
beta1[12],0.24347853627727756,0.28084715073782296,0.32842334274293067,-0.47477095756386206,0.8674767825004341
beta1[13],0.33645248216550255,0.36623600455600175,0.27094523254951963,-0.19698581208702884,0.8724240783263625
beta1[14],0.6667718763747542,0.5753589994950687,0.31986163781152294,0.20110672968273327,1.3273791189734965
beta1[15],-0.07574206595473666,-0.09759219236477684,0.4323849649214456,-0.8406768169792326,0.5442528830319022
beta1[16],0.35255527453878033,0.35414806175738167,0.2621082217880064,-0.15242290271329803,0.9206940233809051
beta1[17],0.16304193639312806,0.20843990849649147,0.3124178335385982,-0.49828054681740713,0.6244367298937987
beta1[18],-0.17118193382685584,-0.1644956297609645,0.46182505046962535,-1.0341314026702606,0.49887605094643217
beta1[19],1.0439195883563253,1.073840432938237,0.475489028064392,0.43573980943314916,1.8477185437747496
beta1[20],1.2116165386199274,1.2224608612651526,0.6010347608908232,0.32085157717481205,2.2446338754429815
beta1[21],0.06591734557063093,0.07078810115074188,0.30542103274073656,-0.6617886067588388,0.5127782178691876
beta1[22],-0.06009380943142841,-0.024651302944268108,0.3869233270215526,-0.7353255548245735,0.47776529189545053
beta1[23],0.48473293918076166,0.46706378092951134,0.2334675983460133,-0.03550575766243491,0.9308797259818505
beta1[24],0.5301138319951296,0.5315233486139043,0.30376129580646305,-0.0925465190738278,1.06798360914846
beta1[25],0.19798516681205072,0.19798395768373062,0.3427947350690494,-0.4556851757658663,0.8623516132856779
beta1[26],0.39445502689290357,0.36843224047471335,0.30285471562952404,-0.15234575559525107,1.051243923511259
beta1[27],0.07059272953760322,0.06576417267582843,0.3379456395416627,-0.6715324418465539,0.6155399127277899
beta1[28],0.8789927569499864,0.8197245018994728,0.46128667823956004,0.23698763849917803,1.9085053053895873
beta1[29],-1.5386425346646815,-2.09115944470164,1.1689058933921406,-3.2586198361343235,0.3972793879081107
beta1[30],-1.0958222033210656,-1.336813436946838,0.8995255967314539,-2.3602137629455586,0.3921189800381278
beta1[31],-0.3796882474246072,-0.4518598697932048,0.5196806505809407,-1.2750082415097015,0.4382113535407073
beta1[32],-1.4653754188594263,-1.7974743301565712,1.1203251363290427,-3.1045183978169453,0.42232616507665655
beta1[33],-0.2505854159540629,-0.28476046085971024,0.4824756641594727,-1.0756596608983322,0.440054344684962
beta1[34],-0.593144180800675,-0.6777520955116505,0.6597971953059182,-1.6924605704710791,0.45846422987558455
beta1[35],-0.08752422746722617,-0.12026704281308306,0.3472539031808475,-0.7539071838423055,0.5179662007682166
beta1[36],0.40020006306321537,0.36682552822339703,0.24808874446000465,0.008220905041402464,1.0412119326492617
beta1[37],-0.21660864737359203,-0.2307920650828244,0.45075811826728795,-1.018076531930115,0.4289484849604477
beta1[38],0.11118291198461555,0.11682148668574498,0.27453661579154853,-0.4501072009689124,0.48525242159756965
beta1[39],0.37203937544336146,0.39384868008958224,0.3148848701150251,-0.2395978683867031,1.0452849640988084
beta1[40],0.2968027581950767,0.3478643939531574,0.33331996806961134,-0.3609394964933264,0.9112254795532351
beta1[41],-0.22817310197944998,-0.24388123792028898,0.44994149935389455,-0.9685171971992546,0.4590993280501028
beta1[42],-0.3532269250118621,-0.4171842276367713,0.5348486256022954,-1.301997364524906,0.428978272548103
beta1[43],-0.04418292012518948,-0.04908708375857734,0.41003176572995664,-0.8182432567055116,0.6755601167698932
beta1[44],1.4828372122355318,1.638140314989626,0.7210098825582937,0.4139728257791504,2.722743820278449
beta1[45],0.5325331048085656,0.49663993682782903,0.36398631063381,-0.13674144174471667,1.3440432152943262
beta1[46],-0.1579910922512363,-0.1853621323640956,0.40699951947050045,-0.9230292536990176,0.4801233885343624
beta1[47],-0.2877215468227722,-0.3321119316736125,0.47148228334278264,-1.095944101078222,0.47067214704713334
beta1[48],0.4734955288159356,0.4961915327102595,0.2558602105481789,-0.05412061710909574,0.9436081050629546
beta1[49],-0.25789028234081496,-0.31715450292594416,0.4681474807798244,-1.0371738671708561,0.5091251199121408
beta1[50],0.29176492355614037,0.3397811962321295,0.2753564854459637,-0.28411046159377934,0.7380694242255701
beta1[51],0.33974112239633475,0.3606921269223115,0.3237015878146332,-0.2179782694341449,0.9794518240895599
beta1[52],-0.15135332830351653,-0.18819046941857231,0.3887816187974561,-0.800170554818638,0.4922144347545355
beta1[53],-0.011148020714494054,0.0346424212915417,0.3805476417074252,-0.7624898136049777,0.624092528187066
beta1[54],0.2392482399409641,0.3075014786699555,0.3093462187449328,-0.462342576166474,0.7249966461487333
beta1[55],0.4086011694886334,0.41974280051511914,0.2819575405661443,-0.10687478887268015,0.99157982503756
beta1[56],0.12677827398310654,0.15816229480304067,0.2951538453344651,-0.4535281368568341,0.5531351059631859
beta1[57],0.033096867918659525,0.020892067151315953,0.35795660021105724,-0.6889327895155908,0.4727870890793112
beta1[58],0.9089416242070003,0.9422488176334869,0.4330747351790278,0.23453251834523808,1.8242268898127727
beta1[59],0.2553830457382937,0.2850066743269858,0.30318685745208074,-0.3537725026240098,0.7347734911217657
beta1[60],0.06690946936464322,0.11229782340318278,0.3445059138622125,-0.5577438121062624,0.675126923180148
beta1[61],0.03129882789613854,0.08665439989921739,0.34316240674212495,-0.596150978105825,0.5232274088807808
beta1[62],0.09288456168795248,0.11069198332491095,0.3285830957785169,-0.5606690618497832,0.6152260545646009
beta1[63],-0.8107412387020634,-0.9900796394646754,0.7916235591948912,-2.045154186366104,0.46285905712701375
beta1[64],-0.27852329749097693,-0.32220087293585975,0.4836754125372714,-1.2373577264153457,0.4353274827241274
beta1[65],-0.1256122041481013,-0.16120763352931733,0.37465302857206717,-0.7048778325323994,0.41443393549265495
beta1[66],-0.768705030336896,-0.999405390632285,0.6995444056550622,-1.686097261446905,0.41593010827124594
beta1[67],-0.12065081189746786,-0.10087657259661631,0.4141219916963687,-0.8274804344267976,0.504905745493381
beta1[68],-0.7282479333400145,-0.8541090117246013,0.712485731875408,-1.7535543817626682,0.42764220777553236
beta2[1],-0.377071478798635,-0.22032631189691643,0.5906430738705424,-1.96887724754948,0.26630131504900134
beta2[2],0.15561542952419571,0.1554912131927767,0.339823377442861,-0.5037688783239532,0.7694414462837433
beta2[3],0.46482082862726154,0.36907826906605273,0.3948922461287349,-0.039732343762356126,1.3862445496452744
beta2[4],0.8792640589775998,0.7161743092786946,0.5456281002819104,0.2061031475516511,2.1178688515800572
beta2[5],0.9290761588092656,0.6113113594420494,0.7812995140356344,0.12931274836751894,2.694973687021483
beta2[6],-0.25176684590724513,-0.21308090630096524,0.3877866445892097,-1.4649302341149948,0.29181706594878415
beta2[7],0.6372650670938544,0.49418416364565165,0.5484112906779991,0.016985211733435607,1.9938852736493569
beta2[8],0.020578800336854153,0.008388720874516184,0.3051186100222412,-0.4467600064324686,0.5935069507893376
beta2[9],0.0014879857417670669,-0.017073688203718657,0.26692599379663334,-0.6133500292864493,0.4997982647554795
beta2[10],0.26077600413979607,0.22960383502475545,0.27193515571862126,-0.1964985394215588,0.9428983194080922
beta2[11],0.7178483666173944,0.557711111933374,0.5220051250846355,0.07431174829830627,1.9545874558872516
beta2[12],-0.42339096474374904,-0.2756790767713202,0.512160461305876,-1.8225109207568717,0.2163600895386273
beta2[13],0.5350850318777273,0.36979524661979,0.5328411446298351,-0.009396964358466289,1.982683278543983
beta2[14],0.22056697517247567,0.22840978917823435,0.28704827365068875,-0.4041199892013836,0.7944937041477007
beta2[15],0.5051631077085931,0.4079097430987466,0.43838804176381796,-0.07182657894598293,1.6191669907028152
beta2[16],-0.2740749472571193,-0.13020321049897432,0.4549745873211997,-1.4349621106739332,0.25898366016392427
beta2[17],-0.3095614922830652,-0.11532770167902737,0.5616159773105746,-1.7147759360210175,0.31060550647255486
beta2[18],-0.15572947972026083,-0.12793744451854047,0.326134616746716,-0.9161547311364548,0.35519514811877045
beta2[19],0.5453013904913258,0.41738703997404464,0.46712732455555067,0.016975959242402264,1.5467902077937346
beta2[20],0.32537049338106744,0.29621914965196927,0.3678174018519307,-0.24750783190692516,1.2878627878708115
beta2[21],0.19101809441941134,0.13964517481373295,0.3138269688728061,-0.29367551002793585,0.9047123995195152
beta2[22],0.7169512971537689,0.49555469915115385,0.6036911042982243,-0.13282121604380273,2.0391202503894643
beta2[23],-0.05057715563186827,-0.03230503912068666,0.32051232721782313,-0.7258850213938842,0.5116410038407873
beta2[24],0.3114007967449877,0.22488504660181946,0.360011600148424,-0.2554421494909126,1.145528652950866
beta2[25],0.46883356438850304,0.35054999894549516,0.38730963579414845,-0.008504077744937815,1.4181591966333478
beta2[26],-0.08018567646998001,-0.021412663828041648,0.3623994146356211,-0.9506632168706654,0.5090150305698542
beta2[27],-0.25089609299722465,-0.1265668730068682,0.5170548188649587,-1.585949993928898,0.34949978366534307
beta2[28],0.07059606464266852,0.07739192313480532,0.2582937366957804,-0.398411667117938,0.6046209094782956
beta2[29],0.23524075172132303,0.2124769475008803,0.34504194697906254,-0.2917122517195697,1.1533130298711172
beta2[30],-0.3093835547939294,-0.15591934773894056,0.5544312125813482,-1.651179494171115,0.3645061054667465
beta2[31],0.26847074134808396,0.15836541453080505,0.437103250888862,-0.25830330852775096,1.3444617111020327
beta2[32],0.4287385992130445,0.28859127293754,0.4242262055474124,-0.0920509270028262,1.3900887575066092
beta2[33],0.04629599246707609,0.069984393127619,0.33588608466653747,-0.5846458074557171,0.6349520110670795
beta2[34],0.5306097303518648,0.43751015972069124,0.49207605953225675,-0.09164336271167493,1.6752328358213506
beta2[35],0.3945735602934286,0.28388438501532154,0.44337463130250376,-0.20343838879798043,1.6050050008955694
beta2[36],1.072108934895222,0.7088266368507787,0.8864722848948762,0.2153861825050957,3.0356818965555483
beta2[37],0.31029213834563707,0.21838295134981328,0.38308606080815955,-0.29390351919625,1.3174200273569123
beta2[38],0.13443612645125727,0.08268405651926952,0.32813020690998895,-0.4137399764960458,0.9261271021346832
beta2[39],-0.12187924510796966,-0.10061990498866114,0.3263214508393296,-0.6998608172966534,0.4928466937406914
beta2[40],0.37027858623487847,0.2878271317220151,0.3299266222826512,-0.1249051960091034,1.0954156767372123
beta2[41],0.4777574625894387,0.3655107983307819,0.45625984241572853,-0.09690144356537982,1.7399528626640777
beta2[42],0.05246180687775979,-0.0033030369848153418,0.2920412319750311,-0.4695480556234754,0.7378490130610228
beta2[43],0.21399633490205514,0.16517785207694516,0.2893924548439938,-0.2124123499574276,0.9118570682349304
beta2[44],0.017020998702675868,0.027009791656218272,0.30765739490405775,-0.7006449714874625,0.6243554456616802
beta2[45],0.5737756522360229,0.4988074528836358,0.430124846817429,0.0330941584389643,1.6549926469071212
beta2[46],0.37476846668352853,0.30793517371115325,0.32595082948421195,-0.15441071684148797,1.2619876339572633
beta2[47],0.9008811672273592,0.5450154457222909,0.7938953329025408,0.1497296889720717,2.6694342065562866
beta2[48],0.6184543105554042,0.42591223067381667,0.527978104936867,-0.015553599250810088,1.9950583307199505
beta2[49],-0.47247591071052786,-0.2744225366411411,0.6422981724973696,-2.5248207620436824,0.12394470146928668
beta2[50],-0.3183248898860655,-0.22518464348322692,0.45258753090332515,-1.7235149842812851,0.21181457691423364
beta2[51],0.41438784045683086,0.23337706370884898,0.5819372417232509,-0.324650923942077,1.6578244647149538
beta2[52],-0.07938986331675846,-0.0357848143528971,0.2900407701470216,-0.8408043350013708,0.4115104893286555
beta2[53],0.31383052630398145,0.2544155943640244,0.36992617000896566,-0.20244008818805695,1.140326742726984
beta2[54],0.21184279829940525,0.19893296684888945,0.3315109870687378,-0.5140563680871565,0.7349937687128878
beta2[55],-0.03166955249072767,-0.05181952129719049,0.25753669067885265,-0.4979471966604134,0.555649661106592
beta2[56],0.770809427154165,0.4878756719592596,0.6951425080518324,0.019182947262643756,2.3975589002294306
beta2[57],0.10173790938750908,0.08711344866260051,0.3497389247908064,-0.7424881111375006,0.7175337383335908
beta2[58],0.49152950176428756,0.44292246235022087,0.32236416869455864,0.0066576962534113885,1.1675645022122842
beta2[59],1.0995619204331153,0.732152144557809,0.8561630594115729,0.2876738307752229,3.2796609453582297
beta2[60],0.22037099639210447,0.16571763113190702,0.3730024664780093,-0.39784961070074887,1.1719278610535506
beta2[61],0.266170528044405,0.1994169713325527,0.38836180137688925,-0.2670010836824066,1.2307109698546128
beta2[62],0.6820955403949064,0.4868731820444794,0.6197909501714407,0.012368022715158938,2.1560630396432154
beta2[63],0.5639516167652519,0.41267136342682886,0.5116704321782306,-0.15918879906794456,1.6935690132772225
beta2[64],0.29907166340790375,0.2422080543462941,0.388044087964593,-0.3583024779348223,1.171151009405682
beta2[65],0.0677218572521066,0.0612823581878906,0.3591133623036191,-0.6317636645428972,0.8319196633551776
beta2[66],0.3294653801959504,0.24101199539124024,0.40225625303924667,-0.2987179279665658,1.2653781252447522
beta2[67],0.2982901515645709,0.2004778288416315,0.41394844325047747,-0.23936552095437416,1.311069582830728
beta2[68],0.6562494700207651,0.4806397523118613,0.5204887150390717,0.062021477989153084,2.022578132328528
beta3[1],-0.47683869987748956,-0.28352985538064424,0.5744346203172878,-1.9100305704550595,0.1644311132319842
beta3[2],-0.5197009835114693,-0.3809781147211019,0.5733952686669592,-1.8386554169689693,0.26841123950685397
beta3[3],0.2605426999851537,0.19622476163004832,0.31567002288109,-0.17455703647925333,0.9713899152081817
beta3[4],0.5862997909437739,0.5889587444880766,0.3523941595185567,0.007997415249406357,1.2275800944965114
beta3[5],0.5596038077843981,0.4083974610435398,0.5349587214516406,-0.07602145174173276,2.0671254080462313
beta3[6],-0.7218992308453372,-0.6268884736189719,0.5352146771769248,-1.9626791137480604,-0.01769625309091038
beta3[7],0.6463096473572054,0.5438769847866092,0.4642772409259873,-0.007466685302510084,1.7099319817186411
beta3[8],0.24284827531612255,0.2074295024877841,0.32047127286120713,-0.2633993081197652,1.018387627611131
beta3[9],0.6221748013670284,0.5826590578424565,0.38408129149585507,0.1222887045040465,1.643478525618265
beta3[10],0.13770688515171728,0.14323921244374313,0.2980585285570234,-0.5913929581375578,0.7612058832892691
beta3[11],0.13411539328289654,0.10735043940305178,0.3189029993568936,-0.35341831046467037,0.856964696652227
beta3[12],-0.5210633361628193,-0.4674697232711818,0.46909418442291334,-1.4451061923778956,0.15947579997543962
beta3[13],0.2274685822713732,0.19772261289762305,0.3268471778149961,-0.3030286710283299,0.9248786365823761
beta3[14],-0.074355977755765093,-0.041614178165514625,0.342286943108327,-0.869353299120809,0.41354374490127727
beta3[15],-0.1659603845726139,-0.09144214037391887,0.39893073177428856,-1.2990145743088817,0.3903939646751201
beta3[16],-0.8122587881128209,-0.6032963249759661,0.6739464347040633,-2.6366951765270352,-0.010597819309543885
beta3[17],-0.0011297482564766243,0.002178885768600758,0.34089033698761834,-0.6374173146606782,0.7014858650297217
beta3[18],-0.3899077161905458,-0.33285409374522124,0.4652637917904784,-1.5615778567671865,0.28432259680437777
beta3[19],0.42296410080043234,0.37204446206223996,0.3941421925216944,-0.16923915783620888,1.3781092359332292
beta3[20],0.35551722649577716,0.2487901920776619,0.43468863595720736,-0.2329616443148155,1.4718651967162864
beta3[21],0.22456502410274384,0.20389926557816931,0.31452247573234476,-0.28996597517921124,0.9042145184463799
beta3[22],-0.2126809745547456,-0.15476250828406485,0.40375030600022055,-1.2188115766510699,0.3775349660726604
beta3[23],-0.544798956066017,-0.3426027732736215,0.5562435690584253,-1.9933456617357495,0.11952627268132296
beta3[24],0.3216843233987544,0.32314727941691557,0.34584556214136974,-0.402132643915744,1.0142226829020853
beta3[25],1.0254158304442655,0.8439592630122718,0.653086041914229,0.24898560968824635,2.633027204658202
beta3[26],-0.20769313390506122,-0.12949478778522358,0.4628945372165652,-1.5681430844069828,0.41255396325827554
beta3[27],-0.16599219439477794,-0.07029764028441818,0.4067485797522805,-1.2931843346623357,0.46309426540388793
beta3[28],-0.1458625313723952,-0.0921788532065461,0.33517494350411725,-0.8071194351277282,0.3615385077527159
beta3[29],0.06537554075946667,0.081700040301742,0.31370037576339393,-0.547048815501011,0.6655352736171353
beta3[30],0.3550063307824655,0.2733726141848922,0.37354039108395964,-0.22164606877217224,1.2860832722141635
beta3[31],-0.28019542837948097,-0.1547613817333202,0.5192399022976045,-1.536304505810355,0.4381826999956176
beta3[32],0.3152581626324895,0.30504964609907337,0.30723277449809966,-0.18237676081143012,0.9978122253350981
beta3[33],-0.03823031882202626,-0.02296366843341288,0.32216085721306714,-0.8271471432407251,0.5953907294249067
beta3[34],0.20847614299653014,0.20235449148798867,0.3868609026417778,-0.5455307362787155,1.110194763063758
beta3[35],-0.30981933484609475,-0.19610592688581108,0.457396929464522,-1.426695844082947,0.2775962076426736
beta3[36],0.253179054900248,0.19347357160085307,0.3833029409471356,-0.3758787428989589,1.1226872247080864
beta3[37],0.502245708105558,0.4637360025582179,0.284410479690391,0.1545028318713576,1.1895970393320796
beta3[38],0.31581306792167013,0.2704569956330286,0.2748809429033716,-0.10780000030492817,1.0069624914631434
beta3[39],-0.034782765840089463,0.04048621407390078,0.37289261735729995,-1.0343290205817937,0.5558187943471895
beta3[40],-0.08804788414513183,-0.020129607537490463,0.3655193729400451,-1.0319611700553146,0.4032834861839305
beta3[41],0.8356981393002774,0.6999712493126522,0.6209551894303765,0.07625823215226935,2.464847096838635
beta3[42],-0.21429078940203014,-0.0973696320793619,0.4238118180263621,-1.355744696294992,0.28502484343184314
beta3[43],-0.7438702836045483,-0.5319652601251348,0.7329812744640003,-2.6026928238445546,0.10936173273605886
beta3[44],-0.8295904834339881,-0.7681290718809832,0.6109213932637187,-2.3440674938997983,0.04418748784821439
beta3[45],0.37472782523320497,0.3518235387859899,0.3333513098440149,-0.13409111056319084,1.1552237215125671
beta3[46],0.2850369071833616,0.27400760950415676,0.2730813836917355,-0.19834301239969676,0.8344784627099594
beta3[47],0.15841046994980942,0.13260623539133495,0.2939760886761723,-0.32215883449423416,0.7831981315690382
beta3[48],0.7174100166724254,0.5952749652849945,0.4482714568332103,0.12101471794582033,1.7209349061469905
beta3[49],-1.0056747971071456,-0.747553675561424,0.8642067559509625,-3.0423385975080546,0.08277812336422206
beta3[50],-0.8290546009931226,-0.5825832053238053,0.7485760538125306,-2.7977565755628815,-0.017535188023369716
beta3[51],0.07386549648437214,0.07132600985858187,0.2701240382896168,-0.39014864291353535,0.5901727205419749
beta3[52],-0.13668564950951873,-0.0981530761164369,0.3284677372018221,-0.8511588154945972,0.3482023756002988
beta3[53],0.27358439365612003,0.2195650058965535,0.3617868952571955,-0.3637847527336562,1.1798129016916459
beta3[54],-0.4808456761013023,-0.31578852241373,0.5672626638237849,-2.1426678720981154,0.1481014022051961
beta3[55],0.38919281389324056,0.3413029263332659,0.439135907394007,-0.1926714528240672,1.6815938160191366
beta3[56],0.5132213634576589,0.43446849741357424,0.379394561121226,0.027008522876710222,1.5184563186630569
beta3[57],-0.2539179473317884,-0.18472675414118617,0.34032474402714946,-1.2745142725680598,0.24179064861039715
beta3[58],-0.5933535694896442,-0.4720512732518306,0.5596016586264723,-2.221988910951521,0.09115911172417258
beta3[59],0.2503307133523917,0.2453573526882907,0.30273390566915925,-0.27356350913268507,0.77314209426521
beta3[60],0.05137262527088662,0.05329336846288088,0.3173176903323643,-0.39148235392927166,0.6177837495168497
beta3[61],-0.1412004407084311,-0.0635518892093321,0.3628187357939584,-1.0972064258604168,0.3732156832654382
beta3[62],-0.10957854450195385,-0.08496805540734967,0.2869097359934993,-0.6252306636955342,0.3488633532213499
beta3[63],-0.22955388733605656,-0.11439954605405295,0.44308756098812724,-1.1006680582593518,0.4321079614282906
beta3[64],0.35549152222246627,0.29729425255663855,0.3699029916974934,-0.22454393472422426,1.231478867449826
beta3[65],0.6003929984218824,0.48285346544689167,0.46026843673434603,0.0756387232074935,1.8999187090805787
beta3[66],-0.36910359083373745,-0.26540850843012587,0.512965514524972,-1.6633862154662256,0.3187467847528863
beta3[67],0.06652068418895594,0.09545044472517117,0.2548106107977832,-0.585917111206461,0.4792625065948083
beta3[68],-0.2830049437482163,-0.21564488786330213,0.435302781037229,-1.4106932207717857,0.3228338251397643
beta4[1],-0.05659693270401115,0.011730360219436,0.4312525918676683,-1.1550965229224361,0.5679736813500865
beta4[2],-0.4803388670097951,-0.4693726380608298,0.4316440108324641,-1.497105194360879,0.20925953295722732
beta4[3],0.9570412617480922,0.52264888295087375,1.072257391958936,-0.18628964989243935,3.5470278441572725
beta4[4],1.3132830987586266,0.6796141372621137,1.432969103250233,0.07229814183158453,4.937056380667948
beta4[5],-0.5117381580556949,-0.4369197174943494,0.4093060042590991,-1.3639398730269938,0.161021108571051
beta4[6],0.8769860751559654,0.29405159321215857,1.2876147253884316,-0.5427335515319941,3.868852800549524
beta4[7],-0.3423325230673957,-0.3237136571887863,0.4177177003804295,-1.1740015041494927,0.4435854479009615
beta4[8],1.0450112174693498,0.7034263752707618,0.9213250556275142,-0.1735128083831934,3.0782416032792894
beta4[9],1.3603127967791775,0.8659809972591814,1.1378815468984034,0.2727117534052492,3.9067285665262004
beta4[10],1.1502091096354106,0.40272868674910667,1.6151157505321996,-0.2797414004525778,4.494434474887536
beta4[11],-0.3698919263409215,-0.25821785223427984,0.4258345183132621,-1.3363744058397218,0.2562971389515474
beta4[12],0.8949355247771591,0.6218467283962925,0.8234494625791641,-0.04613296340215516,3.033912935107361
beta4[13],-0.25754143969460386,-0.28618287163137873,0.3699587445407637,-1.0142537786246715,0.49028777380156713
beta4[14],0.9178432310618398,0.2969370903210397,1.3289482684548677,-0.32572928508441124,3.774368981547857
beta4[15],-0.6951313603517273,-0.68564783818024,0.5400799972064856,-1.8347248605257735,0.1768292823154862
beta4[16],0.9522269007303689,0.6329729832495264,0.9080923817029247,-0.046050359084585844,3.2178095600046093
beta4[17],-0.6310858951169369,-0.425020826619488,0.5778434902358683,-1.9267607040724966,0.049285126562621094
beta4[18],0.5859370964595753,0.45283252476445035,0.7085253766942918,-0.38207007466926646,2.2417663089220095
beta4[19],-0.16988564978819554,-0.2784517779756519,0.5776720845237456,-0.9703615726798015,1.1214013779425565
beta4[20],-0.6847107193013934,-0.7348746857874086,0.39188082000807684,-1.2813088071441292,0.19922935370137396
beta4[21],0.46829888307826173,0.2784985447895849,0.6757003879896333,-0.22924492455215198,2.1282375045381676
beta4[22],1.0109758872819528,0.6961090126728059,0.8719971522570883,0.06253754560973826,3.0861360377663645
beta4[23],1.2251585288616034,0.5381316159051309,1.4536669041072088,0.005835927753405294,4.432199414006247
beta4[24],0.479951910831307,0.15221790990394746,0.9492933911642129,-0.4848428516823239,2.8251528759162556
beta4[25],0.710063843785441,0.5216332447989857,0.7701001308009733,-0.1970849462763069,2.8814889723230976
beta4[26],-0.6440860961848903,-0.6416598966089107,0.42359629015887806,-1.4042053071896388,0.22775621845175303
beta4[27],-1.0240165758691249,-0.8209179826199426,0.7414659863912735,-2.659269093875287,-0.14768609814008316
beta4[28],1.151604860566345,0.34107172232991445,1.6502005303475762,-0.25369792687503,4.770651602134603
beta4[29],-0.38524752684670827,-0.08175663375838471,0.8054328338094722,-2.0691745211981813,0.6117543081071183
beta4[30],-0.8436953912892714,-0.4891685549520153,0.9571358030154495,-3.0517004534627525,0.2384901387187522
beta4[31],-0.26043547041561865,-0.15716509807564025,0.4457927690424194,-1.2145092346401067,0.5438219526740861
beta4[32],-0.07089809973555321,0.14551288671723328,0.6820992151262751,-1.4544297686638052,0.8613186714620604
beta4[33],0.597742063931579,0.5458556285920415,0.5995092686402248,-0.3487695528029403,1.9565986898075989
beta4[34],-0.05081359295526113,0.013641135831712392,0.487100023928469,-1.0761593065984287,0.9009568655652742
beta4[35],-0.650133131733659,-0.5153574267041185,0.5110042238033468,-1.7717369846595128,0.03736035304096764
beta4[36],-0.14127222794485184,-0.15167612655487533,0.32207479151970464,-0.7556838238311788,0.5688580516544298
beta4[37],1.2597884787138784,0.7849056272283221,1.1655624137708176,0.14246664488750685,3.9039192960649145
beta4[38],0.4399433419809191,0.24338419694627622,0.6825641921264332,-0.29979369515191223,2.3441378556249632
beta4[39],1.8192314139620835,0.7938034230477655,2.0069474931728473,0.2124919238436047,5.82684951830231
beta4[40],1.0327857935399052,0.424680276886496,1.295172962589435,-0.11958883984610191,4.033486571823402
beta4[41],0.2706610649014337,0.2609736490433606,0.46416015118441956,-0.7241385077098894,1.5730807480563147
beta4[42],-0.8300819711341958,-0.7453836201728948,0.5564688085816779,-1.9845970390406147,0.10271624192715939
beta4[43],-0.35010791517294704,-0.3212345286354673,0.48759387207317856,-1.352042078920934,0.4202991171410107
beta4[44],0.9237606672118551,0.19023031151159306,1.4815555222086279,-0.41865581624711096,4.195588290795841
beta4[45],-0.6299285128194313,-0.6337903796899705,0.44119482139487803,-1.4649322689657507,0.08393654362948981
beta4[46],1.1285983510571982,0.7581198132740383,1.0629770989009972,-0.14454407059779004,3.5841722418162454
beta4[47],-0.35665028664727555,-0.26192554624157827,0.4137478185042024,-1.1909345010418237,0.23016759896654201
beta4[48],0.6276251732582927,0.2829279575887342,1.0384034072117765,-0.35520609901063405,3.168044499564175
beta4[49],0.15556964579392296,0.2509291944290604,0.4409611637080508,-0.8767599975048678,0.7524126296757824
beta4[50],0.3518686802371619,0.1909506111300764,0.6031937580147494,-0.46455313144043947,1.9785103386521254
beta4[51],-0.42258591034572945,-0.40510766733167547,0.3895707093837357,-1.117398333137617,0.32757832608984583
beta4[52],1.302057465194419,0.7585272779239509,1.2556679558806174,0.17254554081854817,4.541153433752786
beta4[53],-0.4655840168904752,-0.42084198200864215,0.5220007176790173,-1.5988898788960428,0.5545867277145925
beta4[54],-0.9749379498548997,-0.8832659804802651,0.5467453498361704,-2.25617302561157,-0.08024581846967369
beta4[55],-0.577270542910307,-0.4682956584741797,0.48035824773815533,-1.7259383400520631,0.11470654932290572
beta4[56],-0.4298534733938815,-0.38019067494825287,0.38415904927238903,-1.1969041682315003,0.23165483049366575
beta4[57],0.7257571669213047,0.42981551245456306,0.8420823822354153,-0.21965207867332578,2.6713044623544353
beta4[58],0.9041331951901656,0.3510754439792721,1.3694181398468463,-0.6127205339748315,3.9365850052980806
beta4[59],-0.2611053801180379,-0.2696074936660009,0.3542522329585299,-0.9305951867905413,0.3666965692517569
beta4[60],-0.9565605596041163,-0.8347446168168479,0.5548476155829267,-2.184519445211877,-0.07485943952664019
beta4[61],-0.028310465675000125,-0.006424263256196411,0.3802931604675342,-0.9223250678329009,0.62781987995492194
beta4[62],-1.0320103684266462,-0.9190895400648615,0.48983852846409204,-2.1496873139484354,-0.2823208783073185
beta4[63],-0.34902588794209194,-0.29168573915676066,0.48103348462170437,-1.3835223962601317,0.4703863873943306
beta4[64],0.5852021415231864,0.4780732412757398,0.6225018277807786,-0.1725666526610659,2.1924728681843164
beta4[65],0.615215147962533,0.4351624188730784,0.715691993793611,-0.20132892852358858,2.7064134196892478
beta4[66],0.07939227707519497,0.16443794385820437,0.4962073854018465,-0.9121698574680737,0.8038290215245161
beta4[67],-0.5936239639298303,-0.49230086028116676,0.5428876853540802,-1.6691072964437152,0.19154155984964769
beta4[68],-0.5366176832348171,-0.353645020731453,0.5617290325108495,-1.6500031319056023,0.2639498441156526
lam.est.sp[1],0.005164716386357973,0.004654990554293244,0.0010160352412036,0.0043804771934672394,0.00753774096632272
lam.est.sp[2],0.0053499996194172235,0.004951324113011222,9.447207819577927e-4,0.0044972853696915276,0.007548527333473492
lam.est.sp[3],0.005269323059859635,0.004936933406828522,8.884187058410221e-4,0.004407729572265024,0.007129269233644354
lam.est.sp[4],0.005361360619293448,0.004871791571192672,0.001001861904651373,0.0044823426246143674,0.007603438079541664
lam.est.sp[5],0.005247617918031806,0.0048178977183019,0.0010000969525466854,0.004469882211721031,0.007674069662085765
lam.est.sp[6],0.005280057123480247,0.0048211346257822614,9.67452993972083e-4,0.004549562232390035,0.007360197367249587
lam.est.sp[7],0.005187738750777344,0.004850914794622935,8.893964788370293e-4,0.004479514499972329,0.007475789951360756
lam.est.sp[8],0.0051301426887977765,0.004746060797040207,9.293274707895671e-4,0.004248502736300342,0.007215299892957716
lam.est.sp[9],0.005276964904351999,0.004903069665067853,9.61839501205596e-4,0.004471608373142711,0.007598922978321014
lam.est.sp[10],0.005311868472848701,0.004870216656307572,9.511481418094032e-4,0.004514273547980419,0.007510322550885499
lam.est.sp[11],0.005277918372303696,0.004695291593468824,0.0010858312288889952,0.004424356639226593,0.007812000914439445
lam.est.sp[12],0.00530907094849923,0.0048870365543611325,9.751014492429072e-4,0.004352144208477104,0.0075355145155178325
lam.est.sp[13],0.005179420330431565,0.004697377314524345,9.347187917123477e-4,0.004366290434654577,0.00738360047176696
lam.est.sp[14],0.005215715647990956,0.004807173470800475,8.912134419691075e-4,0.004449079717041357,0.007150344865802466
lam.est.sp[15],0.00526909889925857,0.004985954540011747,8.987521962511732e-4,0.004304154365685763,0.007103971932627152
lam.est.sp[16],0.005433589256945015,0.004977560143612369,0.0011426251593944809,0.004454822601513631,0.00807324837306446
lam.est.sp[17],0.005321756300143358,0.004828383014686841,9.931456994060244e-4,0.004536443979056729,0.00760264916122078
lam.est.sp[18],0.005231399838578411,0.004952884574015892,8.765236218911401e-4,0.0045227333656496504,0.007740888515745995
lam.est.sp[19],0.005387479835267765,0.004908162693273506,9.303125006437609e-4,0.004617790354563305,0.007327337457561009
lam.est.sp[20],0.005186861805917979,0.004810232877434036,7.954632031601963e-4,0.0045604718037101175,0.007070699880950296
lam.est.sp[21],0.005356430237543945,0.004907844514451052,9.54177727643158e-4,0.004571849749998066,0.007368943467534127
lam.est.sp[22],0.005212005114836101,0.00466560451011338,0.0010422062805818513,0.004421140108936826,0.0075089081166481945
lam.est.sp[23],0.005159841361939242,0.004840576612527871,8.74982953175945e-4,0.0044118997775505625,0.00738752243737879
lam.est.sp[24],0.00531243423077332,0.004946424734248922,9.730015504699015e-4,0.0045536426417722995,0.0075679496680284754
lam.est.sp[25],0.005275825574453773,0.004800918539189361,0.0010451281831576997,0.0044842453241202545,0.007709965469848469
lam.est.sp[26],0.005282995883437315,0.004837878600579356,8.237331812962908e-4,0.004592039270943928,0.007367661847281668
lam.est.sp[27],0.005262057843967247,0.0048513990350342925,9.486334905402965e-4,0.004508587665868617,0.007611686705622041
lam.est.sp[28],0.005172828352688951,0.004736419347400941,9.444286382320162e-4,0.004281662104707306,0.007353332539712196
lam.est.sp[29],0.005508802542314504,0.00509436806535351,0.001002424105338148,0.0045938798785818006,0.008218138539330776
lam.est.sp[30],0.005291952368358858,0.00486168819138792,8.824224337737783e-4,0.004601776459944282,0.007365603966536926
lam.est.sp[31],0.00523844083905899,0.00481594210675082,9.221513094624579e-4,0.004428999937333548,0.007368059225548074
lam.est.sp[32],0.005362759713896761,0.004912308574498172,9.890298325207858e-4,0.004394234842915689,0.007805649182098638
lam.est.sp[33],0.005414514709223532,0.004884793590563953,0.0010992606095739,0.004539858272853642,0.007865243052903535
lam.est.sp[34],0.005575222274950619,0.0050780962973491686,0.001043827071074314,0.004674944877685304,0.008081172699586896
lam.est.sp[35],0.005257596242947297,0.004809734682962478,9.070288168920132e-4,0.004568441230233877,0.00712027488094434
lam.est.sp[36],0.005383939494047644,0.005002662157713226,9.783335377735263e-4,0.004623393599341716,0.007525111067298794
lam.est.sp[37],0.0053133190777074615,0.004843167724877893,0.0010023193004920932,0.0044611481219962,0.007588843027556716
lam.est.sp[38],0.0053177905643265605,0.004936692355430376,9.682869829802975e-4,0.004440942352654132,0.007518334188185654
lam.est.sp[39],0.005215580499819584,0.004852046608659433,9.371418303062973e-4,0.004435939269260592,0.007454983452007708
lam.est.sp[40],0.005269268871222577,0.004879836736868587,8.743026807745389e-4,0.004566602302550343,0.007184131864226889
lam.est.sp[41],0.005271940681398041,0.0048338328294133094,9.94382768207547e-4,0.0044844398665329155,0.007474941114868427
lam.est.sp[42],0.005244961726922989,0.004741775431060744,0.001012874256740562,0.004438357385080131,0.007522807310843456
lam.est.sp[43],0.005212388440218374,0.004838754633103813,9.317397431660938e-4,0.004408779498794706,0.007453941126553413
lam.est.sp[44],0.005326820613498939,0.0049504835705492896,8.430198627459628e-4,0.004600599162155168,0.007190414536718521
lam.est.sp[45],0.005272333558778891,0.004868179630797749,9.138645467519042e-4,0.0045158077303062635,0.007261964868062485
lam.est.sp[46],0.005415050561960739,0.005091571441659036,8.875093527850291e-4,0.0045995817666167095,0.007281384608029591
lam.est.sp[47],0.005304046793613009,0.004768034971458347,0.0010446871897944493,0.0045783022742932914,0.007737099579167477
lam.est.sp[48],0.005152002079765245,0.0047340725700579156,9.855073766896006e-4,0.004396679241267934,0.007322387980974647
lam.est.sp[49],0.005171355403737663,0.004732065990021134,8.976196477888572e-4,0.004401663894744963,0.007256104222429669
lam.est.sp[50],0.005227163137016998,0.004785313084702339,9.460921816850665e-4,0.004508193580266187,0.007765251050120006
lam.est.sp[51],0.005275260827873143,0.004877019985989997,9.530614396637235e-4,0.004467777336503011,0.0074739061534346415
lam.est.sp[52],0.005163925112137748,0.004764301789803005,9.258125008139455e-4,0.004364984529924319,0.007187989285606852
lam.est.sp[53],0.005422075883046788,0.004883492971659758,0.0011272229543645104,0.004504922209502044,0.007868536190300349
lam.est.sp[54],0.005294888411896667,0.004892548059297153,9.087360023839135e-4,0.004524918609406903,0.007576529500763402
lam.est.sp[55],0.005299523613278805,0.004876109138964783,9.497806123720948e-4,0.004533896139608069,0.0076127336948967035
lam.est.sp[56],0.005256348989772614,0.004778025303245584,9.907062468717286e-4,0.00449577103004057,0.007549347486701156
lam.est.sp[57],0.005284140497807746,0.004885513198449851,9.122424022675195e-4,0.0045059640128766315,0.007374179535952883
lam.est.sp[58],0.005244006985548138,0.00485346176170951,8.388760643685004e-4,0.0045462994339526275,0.007092436459908778
lam.est.sp[59],0.00516822705951205,0.004675558508575518,9.143887015255356e-4,0.004508398826796639,0.007225357524092506
lam.est.sp[60],0.005215545461487563,0.004665582651781257,9.932296934612504e-4,0.004477475646878709,0.007441391232132862
lam.est.sp[61],0.00526526831864086,0.004774761585583826,9.636265460347163e-4,0.004480225553868751,0.007390544852418487
lam.est.sp[62],0.005256754508456917,0.00475274095881184,9.940909448895336e-4,0.004488249179262492,0.00739900799455022
lam.est.sp[63],0.005318254237303935,0.004857497469135742,9.262402862746491e-4,0.0046034242104490255,0.007770992602669913
lam.est.sp[64],0.005279383259405442,0.004866265673258064,0.001008042357777604,0.0043079979018234,0.007803451950993738
lam.est.sp[65],0.0053322039890727636,0.004889348139949908,9.841243364470643e-4,0.0045087930909218366,0.007616589831482821
lam.est.sp[66],0.005324840344533739,0.005047731370602375,9.005388698964636e-4,0.004365148584373178,0.007411706711154186
lam.est.sp[67],0.005287034118314133,0.004934563592882187,8.93609370218367e-4,0.004614569136129986,0.007602672496791965
lam.est.sp[68],0.005278231493386,0.004817004594641693,9.955075330072794e-4,0.004469616097271075,0.007752001512218103
logLambda[1],-5.282331562394821,-5.36981642165895,0.1750350494966986,-5.430597891216626,-4.887832748441792
logLambda[2],-5.244088633983071,-5.308103321923901,0.15891352396598665,-5.40428131744563,-4.886402789916011
logLambda[3],-5.258329271031441,-5.311015633335961,0.15388127702980156,-5.424397752550594,-4.943546541583559
logLambda[4],-5.243644881383716,-5.3242935304435575,0.16864978030495761,-5.407609461943621,-4.8791547550952705
logLambda[5],-5.265415854519201,-5.335417604092859,0.1697423760293554,-5.410395899577455,-4.86990820952256
logLambda[6],-5.25814295246379,-5.334745979081864,0.16362662968750138,-5.392724633041408,-4.911668530398511
logLambda[7],-5.274032866350496,-5.328587974370752,0.15351855543464044,-5.4082406089696455,-4.896085486177224
logLambda[8],-5.2869497575587,-5.350448563205946,0.16471325183251573,-5.461188729538675,-4.931551522414607
logLambda[9],-5.2586755454551115,-5.317894978429397,0.16372506017169214,-5.41000712005382,-4.879748755110955
logLambda[10],-5.251650436643657,-5.324649671941691,0.16135864219737545,-5.400511002515844,-4.8914768646096896
logLambda[11],-5.262137287753705,-5.361195061015379,0.1826623340875663,-5.420630403357901,-4.852094148911971
logLambda[12],-5.253029073052043,-5.321169180803712,0.16664698417879015,-5.437086633838445,-4.888128165821768
logLambda[13],-5.277235558436064,-5.360750944202525,0.1636433899818653,-5.433841501157896,-4.9084938905359365
logLambda[14],-5.268753749508033,-5.33764906743368,0.15463247602968044,-5.4150580093503695,-4.940594690460028
logLambda[15],-5.258730618076938,-5.301130411449061,0.15625859948381526,-5.448174591132501,-4.947101224225305
logLambda[16],-5.233727046309968,-5.302815439002515,0.18572400018463328,-5.413768038938932,-4.819199353148247
logLambda[17],-5.250908486469023,-5.333243663328506,0.16749304437578713,-5.395611843192104,-4.879258518582761
logLambda[18],-5.2650862826684115,-5.3077851299044205,0.1500672209668879,-5.398639368471861,-4.861238802652959
logLambda[19],-5.236871039929806,-5.31685560409414,0.1585338754209219,-5.377839048255575,-4.916143068148496
logLambda[20],-5.271893781946085,-5.337019430343475,0.13942679198514277,-5.390330236945386,-4.951795810910869
logLambda[21],-5.243218809868597,-5.316920432657493,0.16108730010001676,-5.387839243802277,-4.9104837486016075
logLambda[22],-5.273866001983,-5.367537871357239,0.17872894166728076,-5.42135767295578,-4.891665214369114
logLambda[23],-5.279335203560156,-5.330721430529778,0.15354013291204807,-5.423449893725916,-4.907962859045898
logLambda[24],-5.251932201366124,-5.309095983246699,0.16290781342980223,-5.391857735684661,-4.883833097885162
logLambda[25],-5.261256473836291,-5.338948017081412,0.17611763547432038,-5.407185064269651,-4.865241570035804
logLambda[26],-5.253959628445687,-5.331281132591437,0.14256635638255985,-5.383431067966613,-4.910654875859518
logLambda[27],-5.261168797804963,-5.328488475157238,0.161646977653516,-5.401771522280756,-4.8780704883534645
logLambda[28],-5.278632890365495,-5.352474709333668,0.16377428357699217,-5.453414002552423,-4.912601661751615
logLambda[29],-5.21557863064957,-5.279619650352448,0.1629913937627199,-5.383030322514243,-4.801411550628118
logLambda[30],-5.2536962836987025,-5.326369536903698,0.15144348585702547,-5.3813128630936635,-4.91093422746888
logLambda[31],-5.264997610821713,-5.335823592071371,0.15766796637808803,-5.419581468190196,-4.910600941849158
logLambda[32],-5.24273913189756,-5.3160116208426675,0.16440666384599703,-5.42746195604316,-4.852921093156795
logLambda[33],-5.236279178788649,-5.321636309483559,0.1815414055429457,-5.394859484849273,-4.845301839846585
logLambda[34],-5.2044747284845965,-5.282822167829325,0.16813344546137182,-5.365537907180453,-4.818218280892869
logLambda[35],-5.2608458910952285,-5.337114466245918,0.15474271689565522,-5.388585411022586,-4.944808947429274
logLambda[36],-5.238502755363943,-5.297785076696774,0.1629919820047329,-5.376626888745158,-4.889509708682196
logLambda[37],-5.252634922070339,-5.330187734481596,0.16779616187635796,-5.412349783596824,-4.8810822083675225
logLambda[38],-5.251029347644574,-5.311059735718236,0.16431557842041275,-5.416888683469295,-4.890410683087524
logLambda[39],-5.270142489382654,-5.328355983118561,0.1628473336521091,-5.418016017100233,-4.89887258219068
logLambda[40],-5.257784482162955,-5.322643515236447,0.14987689465770665,-5.3889866002352464,-4.93588171381637
logLambda[41],-5.260610940174314,-5.332115579546796,0.1691062390237999,-5.407141681675981,-4.8961990373459905
logLambda[42],-5.266480225355357,-5.3513436498916285,0.17315278890624494,-5.41747092930475,-4.889815898072043
logLambda[43],-5.2704558376191395,-5.331097898572732,0.1606850612425683,-5.424158643551153,-4.89901237619165
logLambda[44],-5.245836425852077,-5.308270213146461,0.14289137482110162,-5.3815687319396055,-4.93502692215228
logLambda[45],-5.258277224139869,-5.325035204209442,0.15644599691538785,-5.40017120882112,-4.925104843778825
logLambda[46],-5.230346531703197,-5.280168764896633,0.14941057769054453,-5.381790243906954,-4.922434241447358
logLambda[47],-5.255622120065637,-5.345821272034247,0.17419156895465135,-5.386430236602102,-4.861728392983559
logLambda[48],-5.284039477254809,-5.352969438464555,0.17138002928386134,-5.426905740894499,-4.91681877730024
logLambda[49],-5.277654403316264,-5.3533933874811686,0.15669598398732157,-5.4257726516450155,-4.925912202652051
logLambda[50],-5.267863685580406,-5.342203825767888,0.161696890660815,-5.401858742230075,-4.858096491916355
logLambda[51],-5.258784516232219,-5.3232209114228795,0.1625866127546012,-5.410876215400804,-4.896337504401926
logLambda[52],-5.280058243233061,-5.346604281509965,0.16267332413002883,-5.434140633814992,-4.935343800656419
logLambda[53],-5.235709728221444,-5.321894989325861,0.18567592540934075,-5.402600125846777,-4.844883232543915
logLambda[54],-5.253710761804464,-5.320042035687173,0.1545584665061958,-5.398155688863416,-4.882700318332889
logLambda[55],-5.253957199803738,-5.323407684725011,0.16110102731395765,-5.396173634171064,-4.877932947580316
logLambda[56],-5.263493402146884,-5.343727934310712,0.16853352456985227,-5.404631633969799,-4.886294145058607
logLambda[57],-5.255853330158752,-5.321480997864205,0.15508247785772467,-5.402354173912952,-4.909770632307244
logLambda[58],-5.261726978773203,-5.328064518228464,0.14428669258613538,-5.393441688155488,-4.948726350093512
logLambda[59],-5.278820830877533,-5.365407217612199,0.1601444692154587,-5.401813218350097,-4.930158561904488
logLambda[60],-5.271594695907947,-5.3675425539222505,0.17020113974124132,-5.408695863043929,-4.900697454052009
logLambda[61],-5.261050695631071,-5.344411236016638,0.16464936645526806,-5.408081895263894,-4.907553818401737
logLambda[62],-5.263492561864254,-5.349033783401046,0.16881530229017214,-5.406292591076943,-4.90640934254867
logLambda[63],-5.249679747263442,-5.3272318977347926,0.1567280474279624,-5.3809550428621105,-4.857357374670308
logLambda[64],-5.259547900637505,-5.325432053688118,0.17102250700166502,-5.447282006730036,-4.85318908536671
logLambda[65],-5.248517017514196,-5.320696522654558,0.16482521398421207,-5.4017257686151865,-4.877426538131223
logLambda[66],-5.247944789781473,-5.288816370174572,0.15459940047863172,-5.434103050321881,-4.9046945408030345
logLambda[67],-5.254788211071301,-5.311492315096489,0.1519415525065852,-5.378536783313837,-4.879255449187491
logLambda[68],-5.259606204762098,-5.335602997495668,0.17072188913569541,-5.410452758324327,-4.859804209319116
lpsi[1],1.4535359947421773,0.8423184049307397,1.2531681562937502,0.22027424132059392,3.6457869087334505
lpsi[2],-0.19960761692832174,-1.3078562559639813,2.2218757615045566,-2.183208663604972,3.6886544905484433
lpsi[3],1.2060183787742413,0.502551458611694,1.3765745693847753,-0.04353999646621908,3.6625109634516977
lpsi[4],0.08777468327499593,-0.9459376764404615,2.03754140300177,-1.7387952101304676,3.6671361962676388
lpsi[5],0.7561302726897797,-0.04786675345108718,1.6250733271453746,-0.591652000324727,3.6658546320350807
lpsi[6],-0.4970043521906933,-1.675513753850108,2.385056375562532,-2.8602251934456486,3.667627870178443
lpsi[7],-0.08615098445039912,-1.212520667525292,2.1443168300947795,-1.9492062979652434,3.663946789391123
lpsi[8],1.7373875862977888,1.2765815904271192,1.1001572495346341,0.6090115807847021,3.6765097647883764
lpsi[9],1.6198036541028493,1.0758507378837674,1.170713922272324,0.4356355340197351,3.6627365692915386
lpsi[10],0.40716667298679876,-0.5109218804634099,1.8418152820996083,-1.1384066711655092,3.6846945120895556
lpsi[11],1.839306081173791,1.3504599988621768,1.0478997515679644,0.8028864387439584,3.6772481589326107
lpsi[12],1.956434287305085,1.5903769679810567,0.9949331171718915,0.7205699629752016,3.6614096732190595
lpsi[13],0.6039474032176705,-0.21288748068656085,1.7248181025414728,-0.9673077780051816,3.653348134341054
lpsi[14],-0.04722722903893018,-1.1121149972988604,2.1159580640001,-1.8414736323720962,3.657756131030431
lpsi[15],0.040581476534567236,-1.0101626455988604,2.0638764495693276,-1.6838421416926384,3.668522918921696
lpsi[16],1.6645577990393161,1.1073431139144025,1.1478834620531717,0.5870345541708201,3.6673789490767357
lpsi[17],1.0799648030197146,0.3845199706566624,1.4579074041542457,-0.30108144442530504,3.6977754371862064
lpsi[18],-0.31756349921476623,-1.4968134857771536,2.312065000385055,-2.4378302610137337,3.628515065980194
lpsi[19],0.6604913605698514,-0.17924317774165444,1.7228124431869982,-0.9814509846953237,3.6717766830780842
lpsi[20],0.32923470563733787,-0.7116541263025997,1.952612988109854,-1.4005275630343867,3.6519183807584374
lpsi[21],0.6517980968944769,-0.1314729828904224,1.6569870685947994,-0.70931807823735,3.668741212818819
lpsi[22],1.7613562393297595,1.2612283741149866,1.0846334024923459,0.6645333995522135,3.6716012101547335
lpsi[23],0.6621112266929392,-0.2107107935512836,1.6855076021095259,-0.6938190452750864,3.6583673850483396
lpsi[24],-0.21148294446772256,-1.3459565766150448,2.191214551622037,-2.1616929025686447,3.6637256333243977
lpsi[25],1.5684613573898658,0.9325047348539375,1.2357503613948544,0.2920573390039112,3.686086889344693
lpsi[26],-0.9051900584924861,-2.1870278371723524,2.612131318873097,-3.304213625696307,3.688068032753329
lpsi[27],0.43084626081673943,-0.5255301691124908,1.8230887975734686,-1.1532674263396039,3.718043039315733
lpsi[28],0.14486532151459233,-0.867172639963578,2.010693241736375,-1.5432248507733244,3.6572822547384387
lpsi[29],0.8297844688670769,0.059437985415583726,1.638082712552209,-0.8068503874859998,3.6820780752737767
lpsi[30],0.6061578704173178,-0.34712048326999856,1.7564551338694507,-0.9436409371470422,3.654432689147852
lpsi[31],-0.018242957261370964,-1.3278935502155087,2.2123042408761897,-1.9100057329943547,3.663710503138281
lpsi[32],0.5770454581263194,-0.2617417316954053,1.7332214899218703,-1.0679657799631939,3.7104330128020946
lpsi[33],2.2969168435393716,2.032371010402424,0.7973547470926605,1.2942278274438737,3.6941798565108934
lpsi[34],2.6476995370772767,2.500091052340903,0.6687310468099091,1.5470571557896637,3.681195629367592
lpsi[35],0.6219987499455204,-0.26157357554305294,1.7133382785011297,-0.8276111579111197,3.675312200078962
lpsi[36],0.6534157878627611,-0.12948085535919882,1.6623975230852017,-0.7715329778443296,3.6650744161171285
lpsi[37],0.8361221088797272,-0.04135355206459098,1.6076273055966004,-0.5364132744759734,3.6544735988442305
lpsi[38],0.3383408763596245,-0.6485630411297383,1.883660191485016,-1.2350175698684671,3.67332309357492
lpsi[39],0.0512661762372503,-0.9744457825591346,2.048648770485449,-1.6168527795982615,3.6587044250859613
lpsi[40],-0.005776921672107915,-1.0151303583212945,2.0394270313992724,-1.7933543766316433,3.667033111942706
lpsi[41],0.44840698378322014,-0.5763710643539272,1.8492949111352968,-1.115731551302726,3.678071084676098
lpsi[42],0.142031358497868,-0.9624635390545896,2.0811639957519725,-1.6628893954189856,3.63912378472226
lpsi[43],0.009253421688345228,-1.1134738360825067,2.0860375191771605,-1.7828432945207395,3.647762433131563
lpsi[44],0.21207875744119484,-0.9184652474085246,2.0594713025278164,-1.7330881568396372,3.6788882755930765
lpsi[45],-0.49273377156655956,-1.7883805424393353,2.3702662737032516,-2.604377419650734,3.674142297673295
lpsi[46],-0.2687689334485253,-1.3889335582429339,2.2281085686049917,-2.2488932676361437,3.6651535934373087
lpsi[47],1.7684552470793253,1.267726091537038,1.0815742911925774,0.6905212066305874,3.6934517065405563
lpsi[48],0.7703224974635283,-0.10690642770634037,1.6485671102882011,-0.5575487431234792,3.661905954328008
lpsi[49],0.26740833996523433,-0.7502432036471737,1.9813214111156998,-1.557523384040576,3.6484101901713997
lpsi[50],0.019758412680910876,-1.109874524465674,2.0899508814689165,-1.743001536723149,3.6435639902416983
lpsi[51],0.22304352670640454,-0.9050375577811446,2.024186259026506,-1.5317610237927564,3.6466848949665946
lpsi[52],0.5834007921328245,-0.33536891074768194,1.7518071061198606,-0.9861580302255623,3.670142771588296
lpsi[53],2.3306534745429666,2.0899837475455367,0.8216054771564177,1.2550322132622822,3.6849431580676577
lpsi[54],-0.09798893434538564,-1.2423178678644757,2.1696627241619986,-2.19377051209814,3.6505089799908026
lpsi[55],0.8200795728067677,-0.03681523287217409,1.6194334958827667,-0.5526868969354467,3.650063679648778
lpsi[56],0.23783520390840038,-0.7632736465710508,1.9281386231442283,-1.3812409733739472,3.6451939781025104
lpsi[57],-0.150935128728378,-1.2570611314409854,2.178171587912405,-2.0728836869754512,3.6829248642804138
lpsi[58],-0.3795693366976764,-1.6514612382805498,2.359059723000883,-2.4221254200668807,3.6688294243918733
lpsi[59],0.9777346470006785,0.24670205168818315,1.5035749015761213,-0.327259552556933,3.685154309332225
lpsi[60],0.6918418189545328,-0.13076132084486186,1.6783228284537883,-0.7675781277678306,3.6635407570929743
lpsi[61],0.48517317485782147,-0.4797110709837026,1.790993985916878,-0.9937075903699831,3.679091482763037
lpsi[62],0.8934091187323611,0.09358030737682681,1.5804248409064197,-0.4977283603794637,3.683136868514895
lpsi[63],-0.6049159984744032,-1.8634134909597702,2.4751740740334025,-2.874820993871924,3.677432899058853
lpsi[64],0.08820037409707597,-1.0495292911782288,2.09636503037508,-1.8845510834615407,3.652792839255271
lpsi[65],0.3041089270616964,-0.6476533029022846,1.894914154038295,-1.327682290769749,3.6548267419638205
lpsi[66],0.775248053413485,0.02076444789053806,1.617725583423095,-0.6692458717870005,3.6790061809408923
lpsi[67],0.5243658312326749,-0.37469620289236827,1.77961732257594,-1.2606020100543656,3.6445625130031827
lpsi[68],0.18251523138525205,-0.8881824561759873,2.0077451595291085,-1.6288092952867446,3.640875770103209
mu.beta1,0.10522907510962257,0.060378776199920145,0.19369230271751112,-0.19938732057342584,0.42574624591532534
mu.beta2,0.26656538632247573,0.20391527281871868,0.17751955503348454,0.0731176408103546,0.6882403788909314
mu.beta3,0.010464052957774535,0.030279495520631975,0.12635530437285522,-0.3740080574389539,0.16630144582937548
mu.beta4,0.13838092103860597,0.0179297998578823,0.30615284230225914,-0.18208807039492236,1.0083272148848204
mu.logLambda,-5.010886447866726,-5.174117668097847,0.388982620000956,-5.336391492081454,-4.500185494236886
mu.lpsi,0.5801308126842284,-0.40819278915106993,1.7870177193780696,-0.794033105239836,3.675720792428242
mu.psi,0.5394994259655459,0.39934553547253243,0.26458840784246995,0.3113085189369399,0.9752946736450578
p.sp[1],0.967954944325112,0.9615533038571535,0.013539126157669104,0.9534082321120532,0.9948892988683835
p.sp[2],0.9723880881933988,0.9687548109406166,0.011431113505652148,0.9570663654742702,0.9949277416844975
p.sp[3],0.9711307424467098,0.9684378593199939,0.011908256403300902,0.9542877843587976,0.9931976590150424
p.sp[4],0.9720799028677302,0.9669671943210818,0.012044651798837928,0.9566149270043885,0.9951190072902661
p.sp[5],0.9699191152499492,0.9656972036814582,0.012583707603312727,0.9562337012048387,0.9953544651287817
p.sp[6],0.97087181332556,0.9657748401770894,0.011770500877987566,0.9586089168837326,0.9942129820642321
p.sp[7],0.9696023212473018,0.9664809168555892,0.011827635452329866,0.9565289530558777,0.9946627939041484
p.sp[8],0.9677916397447072,0.9639248666604389,0.013749718219970985,0.9488990024131709,0.9935952150854923
p.sp[9],0.9707917712753956,0.9676821307918149,0.012262032339737695,0.956287704775415,0.9951035561626371
p.sp[10],0.9715652955724575,0.9669181442235765,0.011797503928386877,0.9575738976027872,0.9947902623815125
p.sp[11],0.9697648441837744,0.9626231636522525,0.013323667056202115,0.9548176903175125,0.9957820271772544
p.sp[12],0.9712170851672477,0.9673178292916716,0.012553507350833295,0.9524750739168263,0.9948813275510323
p.sp[13],0.9688698628029107,0.9626776941933334,0.013104471814889114,0.9529433603675719,0.99430701367015
p.sp[14],0.9700791101948877,0.9654375254874168,0.011940263790883063,0.9555928950934892,0.9932972769250741
p.sp[15],0.9709985607887898,0.9695042569733966,0.012191507172110495,0.9508514559779355,0.9930761295549347
p.sp[16],0.9724627130047571,0.9693245341089638,0.012593377131513088,0.9557710541633839,0.9964869612002699
p.sp[17],0.9714321054719577,0.9659480480837581,0.012023070731722511,0.9582272362461038,0.9951163110526448
p.sp[18],0.9706307818369629,0.9687900773729795,0.01134730543074353,0.9578241311692474,0.995566748366039
p.sp[19],0.9730321079379607,0.9677975868048591,0.011644491437755524,0.9605393929050335,0.99407832671359
p.sp[20],0.9702542405621727,0.9655088881073746,0.011032554243368162,0.9589235209843121,0.9929129770204446
p.sp[21],0.9723840210119458,0.9677904137179377,0.011588784838670511,0.9592490374466291,0.9942478799874621
p.sp[22],0.9686857513737184,0.9618383094228542,0.013653903983409493,0.9547158445166438,0.9947851016452228
p.sp[23],0.9690206860888824,0.9662374685639278,0.012345766862908376,0.9544219867488252,0.9943226216231276
p.sp[24],0.9715215800292325,0.9686464710532,0.01158439884019304,0.9587143357017799,0.9949962355889913
p.sp[25],0.9701053581699837,0.9652870678498626,0.012852782721504075,0.9566726726702909,0.995469739469521
p.sp[26],0.9719337378873153,0.9661728012848001,0.010829897738482726,0.9598216702505113,0.9942431411588081
p.sp[27],0.970624739143408,0.9664921530386352,0.011972115206639652,0.95740461881613,0.9951471091203047
p.sp[28],0.9687503959666993,0.9636835326503574,0.012851708902885535,0.9500715088031597,0.9941851063250645
p.sp[29],0.9749099234182934,0.9717329268810451,0.010679084863697976,0.9598734036944442,0.9968257915269085
p.sp[30],0.9716856222101594,0.966732746159466,0.011287346282991323,0.9600945958523576,0.9942348423326735
p.sp[31],0.9703825333188563,0.9656502134643818,0.011801802099292583,0.95496430836459,0.9942447422915188
p.sp[32],0.9723536030585869,0.967890773128542,0.011569717326914997,0.9538548530678362,0.9957615798970576
p.sp[33],0.9723350819910338,0.9672633902635366,0.012582170271093268,0.9583269562057702,0.9959363355438261
p.sp[34],0.9757097849642788,0.9714079125360241,0.010796225656257919,0.962087007453231,0.9965063941793707
p.sp[35],0.970896519947498,0.9655001979054375,0.011469983322570007,0.9591515473866755,0.993154696050742
p.sp[36],0.9727937401191722,0.969858837315485,0.011274357249536196,0.9606936547935354,0.9948439151996222
p.sp[37],0.9712782584437657,0.9662980888710142,0.011924290491848856,0.9559661751332155,0.9950680589351129
p.sp[38],0.9715150977450967,0.9684343144524816,0.01217585562325201,0.9553392235473421,0.9948193975776921
p.sp[39],0.9696353914488738,0.9665069597453801,0.012820744575376039,0.9551824895797678,0.9945844863946824
p.sp[40],0.9713489675671714,0.967152699559772,0.01116553602666418,0.9590995293979533,0.9934537585373412
p.sp[41],0.9704090216733176,0.9660777107478005,0.01251177435409814,0.9566785725705135,0.9946596216710832
p.sp[42],0.9696587992496197,0.9638197830180315,0.013029843834557638,0.9552583377276126,0.9948355936370767
p.sp[43],0.9697052413575864,0.9661943808467349,0.012466688749374363,0.9543217774410164,0.9945805383150733
p.sp[44],0.9727383594261713,0.9687375047205663,0.010294879177676365,0.9600616956629593,0.993479418195684
p.sp[45],0.9710782444779594,0.9668835698817256,0.011690495152618535,0.9576194357096116,0.993801050319443
p.sp[46],0.9739659273976256,0.9716775360246307,0.010558590485640583,0.9600330998383879,0.9938847475417695
p.sp[47],0.9707664783417622,0.964478659156097,0.012246799231107745,0.9594321125890461,0.9955549746429849
p.sp[48],0.9678917154121064,0.9636241722974666,0.013631614530697406,0.9539337853635472,0.9940577747032572
p.sp[49],0.969093268218067,0.9635730426906133,0.012389287747085222,0.9540942421451155,0.9937755671903657
p.sp[50],0.9699543093345735,0.9649057914005894,0.0121028428427582,0.9573929482848453,0.9956417110228761
p.sp[51],0.97081740580463,0.9670878670538416,0.012228656396242491,0.9561651295559933,0.9946557513093377
p.sp[52],0.9686080747411758,0.9643858145524008,0.013143760820639335,0.952900324658581,0.9934715941977975
p.sp[53],0.9722344228187496,0.9672364891222975,0.012847049112186159,0.957288613315375,0.9959456922988769
p.sp[54],0.971598969717761,0.9674436759356593,0.011414875125895525,0.9578888625841289,0.9950261579246553
p.sp[55],0.9713551129286977,0.9670668785715308,0.011749623325267498,0.958152670600952,0.9951506644645945
p.sp[56],0.9701462712391304,0.9647263027179801,0.012541354939316551,0.9570149985565699,0.9949306528690717
p.sp[57],0.9713783788424247,0.9672829391164924,0.011412317370371418,0.9573260801573658,0.9942693463239204
p.sp[58],0.9711436976280569,0.9665400621310416,0.0108334419752792,0.9585144291998491,0.9930199941349009
p.sp[59],0.9688399476874435,0.9621030613047535,0.012682192422394312,0.957399068237188,0.9936401486011563
p.sp[60],0.9692547124169509,0.9618377265061964,0.01292192109031434,0.9564668670069183,0.9945327190076966
p.sp[61],0.970518501799636,0.9646456242217594,0.012283866687980163,0.956550581309603,0.99433462050135
p.sp[62],0.9701444670133446,0.9640964345106802,0.012353499428739836,0.9567939360981228,0.9943680841192547
p.sp[63],0.9719236675422555,0.9666350132048118,0.011284506696668258,0.9601405209402303,0.9956591922117701
p.sp[64],0.9704447060802528,0.9668377805778943,0.012810958870710166,0.9509835111961684,0.9957567099934871
p.sp[65],0.9717766742943778,0.9673705806038937,0.011715732624245996,0.9574108249006117,0.9951637366039966
p.sp[66],0.9721181271065761,0.9707949009344802,0.011821744119434149,0.9529057331859181,0.994417924943588
p.sp[67],0.9715881229854395,0.9683867617352111,0.011099540673676443,0.9604503458502074,0.9951163908265629
p.sp[68],0.9704154688107046,0.9656757513289933,0.013012557889777659,0.9562267013820972,0.9956011012723356
sd.beta1,0.6322823652607219,0.7669377060675107,0.33765431317243694,0.09214317911834416,1.0867355136627495
sd.beta2,0.4810426928663272,0.3560069869094719,0.32108207460024546,0.18957177292844826,1.2665740745725211
sd.beta3,0.5417357326831893,0.43251798495120747,0.3178495230150612,0.15700251689729855,1.3285324845547661
sd.beta4,0.9009803455511552,0.5657121593802081,0.6508935622043013,0.4126561921428995,2.2580977981374915
sd.logLambda,0.26879603910587957,0.18060697098873454,0.2981197939388042,0.03895586032838551,1.3547708953373252
sd.lpsi,0.8277312740612394,1.0569968129081262,0.457895658461941,0.023323998297266803,1.2826106015862597
